Name,SIC,BVD,Industry
AAKAR FOUNDRY PRIVATE LIMITED,3321.0,IN0000557183,Manufacturing
AAKASH EXPLORATION SERVICES LIMITED,1381.0,IN508884FI,Mining
AARNAV FASHIONS LIMITED,6099.0,IN117363FI,"Finance, Insurance, and Real Estate"
ABAD OVERSEAS PRIVATE LIMITED,5085.0,IN0000558271,Wholesale Trade
ABIS EXPORTS (INDIA) PRIVATE LIMITED,5199.0,IN0000576879,Wholesale Trade
ABSOLUTE DISTRIBUTION SOLUTIONS PRIVATE LIMITED,5085.0,IN0014500276,Wholesale Trade
ACCENT MICROCELL LIMITED,2869.0,IN511568FI,Manufacturing
ACCENTURE OPERATIONS SERVICES PRIVATE LIMITED,7389.0,IN0002026901,Services
ACHAL JEWELS PRIVATE LIMITED,3911.0,IN0008632021,Manufacturing
ACUMEN OVERSEAS PRIVATE LIMITED,5085.0,IN0000453807,Wholesale Trade
ADANI ENERGY SOLUTIONS LIMITED,4931.0,IN114777FI,"Transportation, Communications, Electric, Gas, and Sanitary Services"
ADANI TOTAL GAS LIMITED,4923.0,IN116360FI,"Transportation, Communications, Electric, Gas, and Sanitary Services"
ADS SPIRITS PRIVATE LIMITED,2519.0,IN0009420721,Manufacturing
ADVENT CHEMBIO PRIVATE LIMITED,2834.0,IN0013820192,Manufacturing
AET LABORATORIES PRIVATE LIMITED,2833.0,IN0000512835,Manufacturing
AGAPPE DIAGNOSTICS LIMITED,3844.0,IN0000401808,Manufacturing
AGARWAL INDUSTRIAL CORPORATION LTD,5171.0,IN34699FI,Wholesale Trade
AIRAN LIMITED,7299.0,IN117593FI,Services
ALANKIT LTD,6099.0,IN31638FI,"Finance, Insurance, and Real Estate"
ALCOBREW DISTILLERIES INDIA LIMITED,2084.0,IN0000737001,Manufacturing
ALKYL AMINES CHEMICALS LIMITED,2899.0,IN31181FI,Manufacturing
ALLIANCE INSURANCE BROKERS PRIVATE LIMITED,6411.0,IN0000723421,"Finance, Insurance, and Real Estate"
ALLIED JB FRICTION PRIVATE LIMITED,3799.0,IN0001208264,Manufacturing
ALPINE APPARELS PRIVATE LIMITED,3111.0,IN0000692935,Manufacturing
ALPINE SPINWEAVE PRIVATE LIMITED,2269.0,IN0015470454,Manufacturing
ANDRITZ TECHNOLOGIES PRIVATE LIMITED,3559.0,IN0000948242,Manufacturing
ANTON PAAR INDIA PRIVATE LIMITED,2678.0,IN0000900825,Manufacturing
ANUPAM RASAYAN INDIA LIMITED,2899.0,IN36061FI,Manufacturing
APARNA INFRAHOUSING PRIVATE LIMITED (PART IX ),6531.0,IN0001308217,"Finance, Insurance, and Real Estate"
APOLLO PIPES LIMITED,3089.0,IN31271FI,Manufacturing
ARAVALI TECHNICAL SERVICES PRIVATE LIMITED,7389.0,IN0014384021,Services
ARCADIS CONSULTING INDIA PRIVATE LIMITED,7375.0,IN0003644518,Services
ARGO-HYTOS PRIVATE LIMITED,2999.0,IN0000023056,Manufacturing
ARISTOCRAT TECHNOLOGIES INDIA PRIVATE LIMITED,7389.0,IN0001369209,Services
ARMSTRONG ROBOTICS & TECHNOLOGIES PRIVATE LIMITED,3569.0,IN0001224431,Manufacturing
ARTHA INFRATECH PRIVATE LIMITED,7371.0,IN0001120801,Services
ARVIND SMARTSPACES LIMITED,6531.0,IN36214FI,"Finance, Insurance, and Real Estate"
ASARFI HOSPITAL LIMITED,8062.0,IN104435FI,Services
ASHOK LEYLAND DEFENCE SYSTEMS LIMITED,3711.0,IN0010246491,Manufacturing
ASIAN THAI FOODS INDIA PRIVATE LIMITED,2051.0,IN0010462566,Manufacturing
ASTEC LIFESCIENCES LIMITED,7379.0,IN33997FI,Services
ASTHA CREDIT AND SECURITIES PRIVATE LIMITED,6019.0,IN0010228564,"Finance, Insurance, and Real Estate"
ASUS TECHNOLOGY PRIVATE LIMITED,7375.0,IN0010233868,Services
ATC TIRES PRIVATE LIMITED,3011.0,IN0001235405,Manufacturing
ATHAANG DICHPALLY TOLLWAY PRIVATE LIMITED,1611.0,IN0013649372,Construction
ATUL LIMITED,2899.0,IN30516FI,Manufacturing
AUTOLIV INDIA PRIVATE LIMITED,3714.0,IN0001271045,Manufacturing
AZURE POWER INDIA PRIVATE LIMITED,4911.0,IN0001393789,"Transportation, Communications, Electric, Gas, and Sanitary Services"
B. G. SHIRKE CONSTRUCTION TECHNOLOGY PRIVATE LIMITED,1623.0,IN0009427438,Construction
BAI-KAKAJI POLYMERS PRIVATE LIMITED,2084.0,IN0011729496,Manufacturing
BAJAJ AUTO LIMITED,3751.0,IN33363FI,Manufacturing
BARCLAYS GLOBAL SERVICE CENTRE PRIVATE LIMITED,6021.0,GBFC029279,"Finance, Insurance, and Real Estate"
BC MANAGEMENT SERVICES PRIVATE LIMITED,8742.0,IN0001538829,Services
BERRY ALLOYS LIMITED,3321.0,IN0001586453,Manufacturing
BESMAK COMPONENTS PRIVATE LIMITED,3089.0,IN0001594218,Manufacturing
BHARAT ELECTRONICS LIMITED,9711.0,IN30531FI,Public Administration
BHARAT PARENTERALS LIMITED,2833.0,IN002003598IND,Manufacturing
BHARAT RASAYAN LIMITED,2879.0,IN32439FI,Manufacturing
BHASKAR VENKATESH PRODUCTS PRIVATE LIMITED,5145.0,IN0011219852,Wholesale Trade
BIKAJI FOODS INTERNATIONAL LIMITED,2099.0,IN37452FI,Manufacturing
BLUEBERRY AGRO PRODUCTS PRIVATE LIMITED,2051.0,IN0001726341,Manufacturing
BMR HVAC LIMITED,3714.0,IN0001760221,Manufacturing
BOLLORE LOGISTICS INDIA PRIVATE LIMITED,5012.0,IN0000229613,Wholesale Trade
BONZA VITRIFIED PRIVATE LIMITED,3251.0,IN0015507213,Manufacturing
BOSTIK INDIA PRIVATE LIMITED,2841.0,IN0001789677,Manufacturing
BRAHMANI RIVER PELLETS LIMITED,3315.0,IN0001799331,Manufacturing
BRILLIANT POLYMERS PRIVATE LIMITED,2834.0,IN0001831344,Manufacturing
BRITISH INTERNATIONAL INVESTMENT INDIA ADVISERS PRIVATE LIMITED,8721.0,IN0014167577,Services
BULK LIQUID SOLUTIONS PRIVATE LIMITED,2299.0,IN0001853145,Manufacturing
C K FABRICS PRIVATE LIMITED,2257.0,IN0009289605,Manufacturing
CAE SIMULATION TRAINING PRIVATE LIMITED,7389.0,IN0001875091,Services
CALIBRE CHEMICALS PRIVATE LIMITED,2899.0,IN0001883274,Manufacturing
CAMBIUM NETWORKS PRIVATE LIMITED,7389.0,IN0001890039,Services
CAMPUS ACTIVEWEAR LIMITED,3149.0,IN001202134IND,Manufacturing
CANDOR GURGAON ONE REALTY PROJECTS PRIVATE LIMITED,1521.0,IN0009595303,Construction
CAPLIN POINT LABORATORIES LIMITED,2834.0,IN33239FI,Manufacturing
CARGILL BUSINESS SERVICES INDIA PRIVATE LIMITED,8742.0,IN0001919066,Services
CASTLE SHIPS PRIVATE LIMITED,3731.0,IN0002618113,Manufacturing
CDET EXPLOSIVE INDUSTRIES PRIVATE LIMITED,3569.0,IN0002502955,Manufacturing
CELEBI AIRPORT SERVICES INDIA PRIVATE LIMITED,4789.0,IN0001948575,"Transportation, Communications, Electric, Gas, and Sanitary Services"
CENTRAL U.P. GAS LIMITED,4922.0,IN0001957991,"Transportation, Communications, Electric, Gas, and Sanitary Services"
CFM ASSET RECONSTRUCTION PRIVATE LIMITED,6019.0,IN0015212893,"Finance, Insurance, and Real Estate"
CII GUARDIAN INTERNATIONAL LIMITED,3559.0,IN0000400929,Manufacturing
CLEAN SCIENCE AND TECHNOLOGY LIMITED,2899.0,IN918992FI,Manufacturing
CLIFFORD CHANCE BUSINESS SERVICES PRIVATE LIMITED,5734.0,IN0009513854,Retail Trade
CME INDIA PRIVATE LIMITED,7389.0,IN0015158986,Services
CMR-TOYOTSU ALUMINIUM INDIA PRIVATE LIMITED,3334.0,IN0002121787,Manufacturing
COCHIN SHIPYARD LIMITED,3731.0,IN111222FI,Manufacturing
COFORGE DPA PRIVATE LIMITED,7371.0,IN0003738029,Services
COMPANY3 METHOD INDIA PRIVATE LIMITED,4832.0,IN0002423347,"Transportation, Communications, Electric, Gas, and Sanitary Services"
CONFIDENCE PETROLEUM INDIA LTD,1321.0,IN32997FI,Mining
CONGRUENT SOLUTIONS PRIVATE LIMITED,3799.0,IN0010311106,Manufacturing
CONTINENTAL ENGINEERING & POWER PRIVATE LIMITED,3559.0,IN0012993082,Manufacturing
CREATIVE CARVE PRIVATE LIMITED,3559.0,IN0002138315,Manufacturing
CRIF HIGH MARK CREDIT INFORMATION SERVICES PRIVATE LIMITED,8743.0,IN0000564245,Services
CROSSLAY REMEDIES LIMITED,2833.0,IN0002165097,Manufacturing
CTRL S DATACENTERS LIMITED,7371.0,IN0002183212,Services
DAIDO KOGYO INDIA PRIVATE LIMITED,5085.0,IN0002215488,Wholesale Trade
DASSAULT SYSTEMES GLOBAL SERVICES PRIVATE LIMITED,7375.0,IN0013855003,Services
DBS TECHNOLOGY SERVICES INDIA PRIVATE LIMITED,7374.0,IN0016559702,Services
DEEPAK NITRITE LIMITED,2899.0,IN31252FI,Manufacturing
DELHI AIRPORT PARKING SERVICES PRIVATE LIMITED,4789.0,IN0002318966,"Transportation, Communications, Electric, Gas, and Sanitary Services"
DHANANJAY AUTO CRAFT PRIVATE LIMITED,3799.0,IN0015357759,Manufacturing
DHARIWAL INDUSTRIES PRIVATE LIMITED,3499.0,IN0002441431,Manufacturing
DHARIWAL INFRASTRUCTURE LIMITED,6531.0,IN0002441478,"Finance, Insurance, and Real Estate"
DHARMESH TEXTILES LIMITED,2299.0,IN0002446027,Manufacturing
DIAGEO BUSINESS SERVICES INDIA PRIVATE LIMITED,7389.0,IN0015441306,Services
DIPTY LAL JUDGE MAL PVT LTD,5999.0,IN0002471244,Retail Trade
DISPOSAFE HEALTH AND LIFE CARE LIMITED,3321.0,IN0002486204,Manufacturing
DOEHLER INDIA PRIVATE LIMITED,2037.0,IN0007826087,Manufacturing
DONGSUNG PRECISION COMPANY PRIVATE LIMITED,5013.0,IN0007813441,Wholesale Trade
DP WORLD MULTIMODAL LOGISTICS HYDERABAD PRIVATE LIMITED,4225.0,IN0010172396,"Transportation, Communications, Electric, Gas, and Sanitary Services"
DTCC ENTERPRISE SERVICES INDIA PRIVATE LIMITED,7375.0,IN0014250713,Services
DURGA PROCESSORS PRIVATE LIMITED,2759.0,IN0002788011,Manufacturing
DYNATECH TOOLS & DEVICES (BENGALURU) PRIVATE LIMITED,3312.0,IN0002554415,Manufacturing
DYWIDAG BRIDGECON INDIA PRIVATE LIMITED,8742.0,IN0014405043,Services
EAGLEBURGMANN INDIA PRIVATE LIMITED,3559.0,IN0000244782,Manufacturing
EAST HOOGHLY POLYPLAST PRIVATE LIMITED,3089.0,IN0007854577,Manufacturing
ECO PROTECTION ENGINEERS PRIVATE LIMITED,4941.0,IN0007779924,"Transportation, Communications, Electric, Gas, and Sanitary Services"
ECONOMIC EXPLOSIVES LIMITED,2892.0,IN0000243034,Manufacturing
EISAI PHARMACEUTICALS INDIA PRIVATE LIMITED,2834.0,IN0002573819,Manufacturing
ELICA PB WHIRLPOOL KITCHEN APPLIANCES PRIVATE LIMITED,3631.0,IN0007927584,Manufacturing
ELLUCIAN HIGHER EDUCATION SYSTEMS INDIA PRIVATE LIMITED,7375.0,IN0007948333,Services
ELYSIUM PHARMACEUTICALS LTD,2834.0,IN0007954205,Manufacturing
ENEOS TIDE WATER LUBRICANTS INDIA PRIVATE LIMITED,7389.0,IN0012355638,Services
ENGINEERS INDIA LIMITED,8711.0,IN30589FI,Services
EPICENTER TECHNOLOGIES PRIVATE LIMITED,7375.0,IN0007759218,Services
EPICU AGRO PRODUCTS PRIVATE LIMITED,2037.0,IN0007759028,Manufacturing
EQUIRUS SECURITIES PRIVATE LIMITED,6159.0,IN0002582112,"Finance, Insurance, and Real Estate"
ERI-TECH LIMITED,3499.0,IN001579121IND,Manufacturing
ERIS LIFESCIENCES LIMITED,2834.0,IN117660FI,Manufacturing
ESAB INDIA LIMITED,3496.0,IN30332FI,Manufacturing
ESDS SOFTWARE SOLUTION LIMITED,7371.0,IN0002602668,Services
EUROFINS ANALYTICAL SERVICES INDIA PRIVATE LIMITED,8731.0,IN0002663791,Services
EVONIK CATALYSTS INDIA PRIVATE LIMITED,2869.0,IN0008407527,Manufacturing
EXPERIS IT PRIVATE LIMITED,7375.0,IN0001149649,Services
EZESOFTWARE INDIA PRIVATE LIMITED,7371.0,IN0014364291,Services
FACEBOOK INDIA ONLINE SERVICES PRIVATE LIMITED,7375.0,IN0002822131,Services
FAIVELEY TRANSPORT RAIL TECHNOLOGIES INDIA PRIVATE LIMITED,3569.0,IN0000238181,Manufacturing
FEEGRADE & CO PVT LTD,1222.0,IN0002828632,Mining
FLEUR HOTELS LIMITED,7011.0,IN0002883707,Services
FLUID CONTROLS PVT LTD,3561.0,IN0002895572,Manufacturing
FORTITUDE STAINLESS PRIVATE LIMITED,8111.0,IN0001449665,Services
FORTREA DEVELOPMENT INDIA PRIVATE LIMITED,7389.0,IN0010355461,Services
FOURKITES INDIA PRIVATE LIMITED,7389.0,IN0014920153,Services
FRONTIER SPRINGS LIMITED,3493.0,IN31182FI,Manufacturing
G.M. EXIM PRIVATE LIMITED,5162.0,IN0010441556,Wholesale Trade
GANESH BENZOPLAST LIMITED,2899.0,IN32097FI,Manufacturing
GAWAR CONSTRUCTION LIMITED.,6531.0,IN0003080307,"Finance, Insurance, and Real Estate"
GENERAL ATLANTIC PRIVATE LIMITED,8712.0,IN0003112809,Services
GENESYS TELECOM LABS INDIA PRIVATE LIMITED,7371.0,IN0003119282,Services
GLF LIFESTYLE BRANDS PRIVATE LIMITED,5085.0,IN0003181842,Wholesale Trade
GLOWSTONE INDUSTRIES PRIVATE LIMITED,1499.0,IN0012162509,Mining
GMR HYDERABAD INTERNATIONAL AIRPORT LIMITED,4512.0,IN0000224266,"Transportation, Communications, Electric, Gas, and Sanitary Services"
GODAWARI POWER & ISPAT LTD,3312.0,IN33040FI,Manufacturing
GOTO TECHNOLOGIES INDIA PRIVATE LIMITED,7375.0,IN0015755595,Services
GRANULES INDIA LIMITED,2834.0,IN30983FI,Manufacturing
GREAT VALUE FUELS PRIVATE LIMITED,5199.0,IN0003342633,Wholesale Trade
GREEN GAS LIMITED,2999.0,IN0003353519,Manufacturing
GROTH CONTINENTAL MANUFACTURING PRIVATE LIMITED,3559.0,IN0003395043,Manufacturing
GTPL HATHWAY LIMITED,4841.0,IN117653FI,"Transportation, Communications, Electric, Gas, and Sanitary Services"
GUFIC BIOSCIENCES LIMITED,5122.0,IN30813FI,Wholesale Trade
GUJARAT CHEMICAL PORT LIMITED,2999.0,IN0000244706,Manufacturing
GUJARAT GAS LIMITED,4923.0,IN116765FI,"Transportation, Communications, Electric, Gas, and Sanitary Services"
GUJARAT STATE PETRONET LIMITED,4924.0,IN31466FI,"Transportation, Communications, Electric, Gas, and Sanitary Services"
H.G. INFRA ENGINEERING LIMITED,1611.0,IN108449FI,Construction
HASTI PETRO CHEMICAL AND SHIPPING LIMITED,2999.0,IN0003542045,Manufacturing
HEERU CORROSION PROTECTION SERVICES INDIA PRIVATE LIMITED,3999.0,IN0007964882,Manufacturing
HI-TECH CHEMICALS LIMITED,2819.0,IN0003557159,Manufacturing
HID INDIA PRIVATE LIMITED,3571.0,IN0003599749,Manufacturing
HIGH VOLT ELECTRICALS PRIVATE LIMITED,3612.0,IN0003572656,Manufacturing
HIL LTD,3241.0,IN31294FI,Manufacturing
HINDUSTAN FOODS LIMITED,2099.0,IN32099FI,Manufacturing
HL MANDO SOFTTECH INDIA PRIVATE LIMITED,7375.0,IN0010783832,Services
HLE GLASCOAT LIMITED,2899.0,IN32914FI,Manufacturing
HOME LIFE BUILDCON PRIVATE LIMITED,1629.0,IN0009103562,Construction
HRS PROCESS SYSTEMS LIMITED,3433.0,IN0003627406,Manufacturing
HUGHES AND HUGHES CHEM LIMITED,2869.0,IN0003638043,Manufacturing
HYOSEONG ELECTRIC INDIA PRIVATE LIMITED,5013.0,IN0003662134,Wholesale Trade
ICRA ANALYTICS LIMITED,7375.0,IN0003663407,Services
IHS GLOBAL PRIVATE LIMITED,7374.0,IN0003705045,Services
IMERYS NEWQUEST (INDIA) PRIVATE LIMITED,2299.0,IN0003729069,Manufacturing
IMPERIAL DYEING LIMITED,2211.0,IN0003723003,Manufacturing
INDIAN METALS & ALLOYS MANUFACTURING COMPANY PRIVATE LIMITED,3321.0,IN0003764543,Manufacturing
INDIANOIL PETRONAS PRIVATE LIMITED,7389.0,IN0003769766,Services
INDITEX TRENT RETAIL INDIA PRIVATE LIMITED,7389.0,IN0001583049,Services
INDOSPACE AS INDUSTRIAL PARK PRIVATE LIMITED,1799.0,IN0000824319,Construction
INDRAPRASTHA GAS LIMITED,4932.0,IN30831FI,"Transportation, Communications, Electric, Gas, and Sanitary Services"
INFINITY FINCORP SOLUTIONS PRIVATE LIMITED,6159.0,IN0016402638,"Finance, Insurance, and Real Estate"
INNOVA CAPTAB LIMITED,2834.0,IN106142FI,Manufacturing
INNOVANA THINKLABS LIMITED,7372.0,IN496280FI,Services
INTERNATIONAL PACKAGING PRODUCTS PRIVATE LIMITED,2621.0,IN0003897853,Manufacturing
INVENIRE PETRODYNE LIMITED,1311.0,IN0000235328,Mining
IOL CHEMICALS AND PHARMACEUTICALS LIMITED,2899.0,IN31362FI,Manufacturing
IVRCL CHENGAPALLI TOLLWAYS LIMITED,1611.0,IN0003944776,Construction
J. C. PENNEY SERVICES INDIA PRIVATE LIMITED,7371.0,IN0015254025,Services
J. P. MORGAN SERVICES INDIA PRIVATE LIMITED,7375.0,IN0009708394,Services
JADCHERLA EXPRESSWAYS PRIVATE LIMITED,1629.0,IN0000258533,Construction
JAINSON CABLES INDIA PRIVATE LIMITED,2834.0,IN0003985623,Manufacturing
JASTECH SYSTEMS PRIVATE LIMITED,3691.0,IN0004064806,Manufacturing
JUBILANT FOODWORKS LIMITED,5812.0,IN34172FI,Retail Trade
JUBILANT PHARMOVA LIMITED,2834.0,IN30351FI,Manufacturing
KALPATARU PROJECTS INTERNATIONAL LIMITED,4911.0,IN30629FI,"Transportation, Communications, Electric, Gas, and Sanitary Services"
KAPSTON FACILITIES MANAGEMENT LIMITED,7389.0,IN121081FI,Services
KENNAMETAL INDIA LIMITED,3541.0,IN30755FI,Manufacturing
KETI SANGAM INFRASTRUCTURE (INDIA) LIMITED,1611.0,IN0004562609,Construction
KIRLOSKAR PNEUMATIC COMPANY LIMITED,3563.0,IN31560FI,Manufacturing
KISANKRAFT LIMITED,3545.0,IN0004627072,Manufacturing
KLA-TENCOR SOFTWARE INDIA PRIVATE LIMITED,7371.0,IN0004648108,Services
KOHINOOR ROPES PRIVATE LIMITED,3069.0,IN0014924153,Manufacturing
KOTAK INFRASTRUCTURE DEBT FUND LIMITED,6141.0,IN0000317055,"Finance, Insurance, and Real Estate"
KRISHANA PHOSCHEM LTD,2875.0,IN117483FI,Manufacturing
KULKARNI POWER TOOLS LIMITED,3699.0,IN33817FI,Manufacturing
KYODO YUSHI INDIA PRIVATE LIMITED,2992.0,IN0019959338,Manufacturing
KYOSAN INDIA PRIVATE LIMITED,3694.0,IN0010883963,Manufacturing
L&T ENERGY HYDROCARBON ENGINEERING LIMITED,8712.0,IN0000245832,Services
L&T TECHNOLOGY SERVICES LIMITED,8711.0,IN117175FI,Services
LAVISH GRANITO PRIVATE LIMITED,3251.0,IN0012483281,Manufacturing
LEA ASSOCIATES SOUTH ASIA PRIVATE LIMITED,7389.0,IN0007489735,Services
LONSEN KIRI CHEMICAL INDUSTRIES LIMITED,2816.0,IN0007520057,Manufacturing
LSG SKY CHEFS INDIA PRIVATE LIMITED,5812.0,IN0008367129,Retail Trade
LSI INDIA RESEARCH & DEVELOPMENT PRIVATE LIMITED,3679.0,IN0007533259,Manufacturing
M B ISPAT CORPORATION LIMITED,3312.0,IN0009132394,Manufacturing
M.R.ORGANISATION LIMITED,3631.0,IN111777FI,Manufacturing
MACQUARIE GLOBAL SERVICES PRIVATE LIMITED,7299.0,IN0007582142,Services
MADHEPURA ELECTRIC LOCOMOTIVE PRIVATE LIMITED,3799.0,IN0015217698,Manufacturing
MADHU SILICA PRIVATE LIMITED,2299.0,IN0010803607,Manufacturing
MADHYA BHARAT AGRO PRODUCTS LIMITED,1475.0,IN117174FI,Mining
MAHINDRA CIE AUTOMOTIVE LIMITED,3714.0,IN33500FI,Manufacturing
MAJESCO SOFTWARE AND SOLUTIONS INDIA PRIVATE LIMITED,7375.0,IN0012439902,Services
MANSUKH SECURITIES AND FINANCE LIMITED,7389.0,IN0010698936,Services
MARELLI TALBROS CHASSIS SYSTEMS PRIVATE LIMITED,3714.0,IN0012935603,Manufacturing
MARWADI SHARES AND FINANCE LIMITED,6141.0,IN0010804923,"Finance, Insurance, and Real Estate"
MCKINSEY GLOBAL CAPABILITIES & SERVICES PRIVATE LIMITED,7371.0,IN0008056607,Services
MERCEDES-BENZ RESEARCH AND DEVELOPMENT INDIA PRIVATE LIMITED,8743.0,IN0008307415,Services
METROCHEM API PRIVATE LIMITED,2833.0,IN0000252668,Manufacturing
MICROLAND LIMITED,8062.0,IN0011078717,Services
MILLIMAN INDIA PRIVATE LIMITED,8742.0,IN0010767893,Services
MINDSPRINT DIGITAL (INDIA) PRIVATE LIMITED,7371.0,IN0006874292,Services
MODERN ROAD MAKERS P LTD,1611.0,IN0007639913,Construction
MOLD-TEK TECHNOLOGIES LIMITED,8711.0,IN32313FI,Services
MORGAN STANLEY ADVANTAGE SERVICES PRIVATE LIMITED,7375.0,IN0008441979,Services
MORNINGSTAR INDIA PRIVATE LIMITED,7374.0,IN0011746231,Services
MSS INDIA PRIVATE LIMITED,3339.0,IN0007648291,Manufacturing
MTAR TECHNOLOGIES LIMITED,3559.0,IN37278FI,Manufacturing
MULTIPLES ALTERNATE ASSET MANAGEMENT PRIVATE LIMITED,7389.0,IN0007684273,Services
MY HOME INFRASTRUCTURES PRIVATE LIMITED,1629.0,IN0007688579,Construction
NARBADA GEMS AND JEWELLERY LIMITED,3911.0,IN33024FI,Manufacturing
NATIONAL INVESTMENT AND INFRASTRUCTURE FUND LIMITED,7389.0,IN0015257248,Services
NATIONAL STOCK EXCHANGE OF INDIA LTD,6111.0,IN0000217045,"Finance, Insurance, and Real Estate"
NATUR TEC INDIA PRIVATE LIMITED,3089.0,IN0014456042,Manufacturing
NAVKAR CORPORATION LIMITED,4789.0,IN36480FI,"Transportation, Communications, Electric, Gas, and Sanitary Services"
NEOGEN CHEMICALS LIMITED,2869.0,IN001576439IND,Manufacturing
NEW OPPORTUNITY CONSULTANCY PRIVATE LIMITED,7261.0,IN0011967591,Services
NIF ISPAT LIMITED,3312.0,IN0011621189,Manufacturing
NISSAN TRADING INDIA PRIVATE LIMITED,7538.0,IN0007425033,Services
NM AUTOMATION & CONTROL PRIVATE LIMITED,7389.0,IN0007428776,Services
NORTHERN OPERATING SERVICES PRIVATE LIMITED,7374.0,IN0007445057,Services
NRSS XXIX TRANSMISSION LIMITED,4911.0,IN0013510803,"Transportation, Communications, Electric, Gas, and Sanitary Services"
NTS TECHNOLOGY SERVICES PRIVATE LIMITED,7375.0,IN0016114677,Services
NU HOSPITALS PRIVATE LIMITED,8062.0,IN0008730323,Services
NUVAMA CLEARING SERVICES LIMITED,5199.0,IN0000310385,Wholesale Trade
OAKNORTH GLOBAL PRIVATE LIMITED,7371.0,IN0014220586,Services
OC SPECIALITIES PRIVATE LIMITED,2869.0,IN0008136163,Manufacturing
OG CORPORATION INDIA PRIVATE LIMITED,2834.0,IN0011723147,Manufacturing
ONEIRO LIFECARE PRIVATE LIMITED,2834.0,IN0010020822,Manufacturing
ORCH LABORATORIES INDIA PRIVATE LIMITED,2834.0,IN0013281663,Manufacturing
ORIENTAL AROMATICS LTD,2899.0,IN31847FI,Manufacturing
OSIA HYPER RETAIL LIMITED,5999.0,IN544855FI,Retail Trade
OUTSHINY INDIA PRIVATE LIMITED,3161.0,IN0012359434,Manufacturing
P.C. SONS CASTINGS PRIVATE LIMITED,3321.0,IN0009983072,Manufacturing
PARAM SHUBHAM VANIJYA LIMITED,5085.0,IN0000264253,Wholesale Trade
PAREKH INTEGRATED SERVICES PRIVATE LIMITED,5085.0,IN0007098332,Wholesale Trade
PAUSHAK LIMITED,2899.0,IN32178FI,Manufacturing
PENTAGON FORGE & MACHINE LIMITED,3523.0,IN0013275627,Manufacturing
POLY MEDICURE LIMITED,3841.0,IN33643FI,Manufacturing
POLYCAB INDIA LIMITED,3357.0,IN35325FI,Manufacturing
POLYFIT FABRICATORS PRIVATE LIMITED,3339.0,IN0007271755,Manufacturing
POWER & INSTRUMENTATION (GUJARAT) LIMITED,3699.0,IN737269FI,Manufacturing
POWERGRID WARORA TRANSMISSION LIMITED,4939.0,IN0012403293,"Transportation, Communications, Electric, Gas, and Sanitary Services"
PRADIP POLYFILS PRIVATE LIMITED,3089.0,IN0006752889,Manufacturing
PRAVESHA INDUSTRIES PRIVATE LIMITED,3523.0,IN0012662906,Manufacturing
PRIME FRESH LIMITED,5148.0,IN117584FI,Wholesale Trade
PRINCIPAL GLOBAL SERVICES PRIVATE LIMITED,4311.0,IN0010100905,"Transportation, Communications, Electric, Gas, and Sanitary Services"
PRIVI SPECIALITY CHEMICALS LIMITED,2899.0,IN32423FI,Manufacturing
PSP PROJECTS LIMITED,8741.0,IN117612FI,Services
QUARKCITY INDIA PRIVATE LIMITED,6531.0,IN0006887632,"Finance, Insurance, and Real Estate"
R K BABU TRADING PRIVATE LIMITED,5962.0,IN0009190474,Retail Trade
R L J CONCAST PRIVATE LIMITED,3312.0,IN0009194697,Manufacturing
R. S. FOILS PRIVATE LIMITED,3312.0,IN0009757564,Manufacturing
RAIC INTEGRATED SPONGE & POWER PRIVATE LIMITED,3312.0,IN0001606748,Manufacturing
RAJHANS CINE WORLD PRIVATE LIMITED,7812.0,IN0012648642,Services
RAKUTEN INDIA ENTERPRISE PRIVATE LIMITED,7371.0,IN0015380368,Services
RAMBOLL INDIA PRIVATE LIMITED,7371.0,IN0013121307,Services
RASI SEEDS PRIVATE LIMITED,139.0,IN0011018813,Mining
RCCPL PRIVATE LIMITED,3241.0,IN0000399632,Manufacturing
REGENCY HOSPITAL LIMITED,8062.0,IN34028FI,Services
RELIANCE INDUSTRIES LIMITED,2821.0,IN30074FI,Manufacturing
RENAULT NISSAN TECHNOLOGY & BUSINESS CENTRE INDIA PRIVATE LIMITED,5571.0,IN0006586761,Retail Trade
RENEW SAUR URJA PRIVATE LIMITED,4939.0,IN0014361151,"Transportation, Communications, Electric, Gas, and Sanitary Services"
RESERVE BANK INFORMATION TECHNOLOGY PRIVATE LIMITED,7375.0,IN0016163415,Services
RETTENMAIER INDIA PRIVATE LIMITED,5199.0,IN0006611377,Wholesale Trade
RMD KWIKFORM INDIA PRIVATE LIMITED,8742.0,IN0006688975,Services
ROBOSOFT TECHNOLOGIES PRIVATE LIMITED,7375.0,IN0006706513,Services
RODIC CONSULTANTS PRIVATE LIMITED,4939.0,IN0006716404,"Transportation, Communications, Electric, Gas, and Sanitary Services"
ROOTS MULTI CLEAN LIMITED,3559.0,IN0000250794,Manufacturing
ROSSARI BIOTECH LIMITED,2899.0,IN001577497IND,Manufacturing
ROTOSTAT SERVICES PRIVATE LIMITED,7389.0,IN0006796691,Services
RUDRABHISHEK ENTERPRISES LIMITED,8748.0,IN001152862IND,Services
RYAN INDIA TAX SERVICES PRIVATE LIMITED,7389.0,IN0014703189,Services
SACHIN INDUSTRIES LIMITED,3569.0,IN0009853313,Manufacturing
SAHAKAR GLOBAL LIMITED,5085.0,IN0014735247,Wholesale Trade
SAI LIFE SCIENCES LIMITED,2833.0,IN0012898706,Manufacturing
SAI SILKS (KALAMANDIR) LIMITED,2389.0,IN34508FI,Manufacturing
SAKAR HEALTHCARE LTD,2834.0,IN117452FI,Manufacturing
SALZER ELECTRONICS LIMITED,3629.0,IN32512FI,Manufacturing
SAMCO VENTURES PRIVATE LIMITED,7389.0,IN0014378094,Services
SAMHI JV BUSINESS HOTELS PRIVATE LIMITED,7011.0,IN0012770999,Services
SANDISK INDIA DEVICE DESIGN CENTRE PRIVATE LIMITED,7374.0,IN0010976785,Services
SANKALP PAPER INDUSTRIES PRIVATE LIMITED,2621.0,IN0006056083,Manufacturing
SARNA CHEMICALS PRIVATE LIMITED,2834.0,IN0009602415,Manufacturing
SATIA INDUSTRIES LIMITED,5111.0,IN117426FI,Wholesale Trade
SAVE MICROFINANCE PRIVATE LIMITED,6019.0,IN0016213742,"Finance, Insurance, and Real Estate"
SAWAN ENGINEERS PRIVATE LIMITED,3312.0,IN0012849189,Manufacturing
SBI-SG GLOBAL SECURITIES SERVICES PRIVATE LIMITED,7389.0,IN0011652772,Services
SCHOTT POONAWALLA PRIVATE LIMITED,3221.0,IN0005836713,Manufacturing
SCORPIO MARINE MANAGEMENT (INDIA) PRIVATE LIMITED,4173.0,IN0005846136,"Transportation, Communications, Electric, Gas, and Sanitary Services"
SEEMANCHAL MOTORS PRIVATE LIMITED,5012.0,IN0005882833,Wholesale Trade
SENSA CORE MEDICAL INSTRUMENTATION PRIVATE LIMITED,7389.0,IN0005903159,Services
SERVICENOW SOFTWARE DEVELOPMENT INDIA PRIVATE LIMITED,7375.0,IN0011779424,Services
SG HEAVY ENGINEERING LIMITED,3462.0,IN0005938445,Manufacturing
SHANTINIKETAN PROPERTIES PRIVATE LIMITED,6531.0,IN0011078755,"Finance, Insurance, and Real Estate"
SHARDA CROPCHEM LIMITED,2899.0,IN114114FI,Manufacturing
SHEKHAWATI GEOTECH PRIVATE LIMITED,2269.0,IN0012771807,Manufacturing
SHIN-ETSU POLYMER INDIA PRIVATE LIMITED,3559.0,IN0013126521,Manufacturing
SHIPRA COMMERCIAL PVT LTD,5085.0,IN0013262513,Wholesale Trade
SHREE CEMENT LIMITED,3241.0,IN30363FI,Manufacturing
SHRI BAJRANG POWER AND ISPAT LIMITED,3315.0,IN0011014103,Manufacturing
SHRI BHAGWATI MACHINES PVT LTD,5085.0,IN0012884955,Wholesale Trade
SHRI RAM FINANCE CORPORATION PRIVATE LIMITED,6021.0,IN0011008936,"Finance, Insurance, and Real Estate"
SIGMA ALDRICH CHEMICALS PRIVATE LIMITED,2813.0,IN0000401452,Manufacturing
SIGNATURE INTERNATIONAL FOODS INDIA PRIVATE LIMITED,2099.0,IN0011362234,Manufacturing
SIKKIM POWER TRANSMISSION LIMITED,4911.0,IN0000383584,"Transportation, Communications, Electric, Gas, and Sanitary Services"
SILVERTON PULP AND PAPERS PRIVATE LIMITED,2655.0,IN0012600781,Manufacturing
SKG REFRACTORIES LIMITED,3241.0,IN0012810274,Manufacturing
SOBHA LIMITED,6531.0,IN31487FI,"Finance, Insurance, and Real Estate"
SOFTGEL HEALTHCARE PRIVATE LIMITED,2834.0,IN0006047781,Manufacturing
SPARSH AUTOMOBILES PRIVATE LIMITED,5511.0,IN0006103766,Retail Trade
SPARSH BIO-TECH PRIVATE LIMITED,2834.0,IN0006103892,Manufacturing
SPC LIFE SCIENCES LIMITED,2834.0,IN0006108089,Manufacturing
SPECIALITY SINTERED PRODUCTS PRIVATE LIMITED,3714.0,IN0006111681,Manufacturing
SREELEATHERS LTD,5139.0,IN34493FI,Wholesale Trade
SRF LIMITED,2299.0,IN30723FI,Manufacturing
SRI KAUVERY MEDICAL CARE (INDIA) LIMITED,8062.0,IN0013367727,Services
STANDARD CHARTERED (INDIA) MODELING AND ANALYTICS CENTRE PRIVATE LIMITED,7389.0,IN0006164359,Services
STANDARD CHARTERED GLOBAL BUSINESS SERVICES PRIVATE LIMITED,6019.0,IN0005844689,"Finance, Insurance, and Real Estate"
STERLITE TECHNOLOGIES LIMITED,3357.0,IN30396FI,Manufacturing
STIC ON PAPERS PRIVATE LIMITED,2652.0,IN0013157182,Manufacturing
STYLAM INDUSTRIES LTD,2672.0,IN33041FI,Manufacturing
SUBHASH SAREES & INDUSTRIES PRIVATE LIMITED,2281.0,IN0006454102,Manufacturing
SUD CHEMIE INDIA PRIVATE LIMITED,2299.0,IN0001743517,Manufacturing
SUMITOMO CHEMICAL INDIA LTD,2899.0,IN918732FI,Manufacturing
SUN POLYTEX PRIVATE LIMITED,3089.0,IN0011488793,Manufacturing
SUNITA COMMERCIALS P LTD,5169.0,IN0010951863,Wholesale Trade
SUPARNA CHEMICALS LIMITED,2819.0,IN0011266763,Manufacturing
SUPER ENGI-TECH PRIVATE LIMITED,3441.0,IN0012264042,Manufacturing
SUPRIYA LIFESCIENCE LIMITED,2879.0,IN001576356IND,Manufacturing
SUREPREP (INDIA) PRIVATE LIMITED,7371.0,IN0011694911,Services
SUYOG TELEMATICS LIMITED,4899.0,IN100350FI,"Transportation, Communications, Electric, Gas, and Sanitary Services"
SVASTI MICROFINANCE PRIVATE LIMITED,6141.0,IN0006402471,"Finance, Insurance, and Real Estate"
SYMEGA FOOD INGREDIENTS LIMITED,5141.0,IN0006494592,Wholesale Trade
SYNGENE INTERNATIONAL LIMITED,2834.0,IN112349FI,Manufacturing
SYNOPSYS (INDIA) EDA SOFTWARE PRIVATE LIMITED,7371.0,IN0006509652,Services
TADIMETY AROMATICS PRIVATE LIMITED,2813.0,IN0005524571,Manufacturing
TAGROS CHEMICALS INDIA PRIVATE LIMITED,2899.0,IN0000239779,Manufacturing
TARA CHAND LOGISTIC SOLUTIONS LIMITED,7389.0,IN621270FI,Services
TASTY BITE EATABLES LIMITED,2038.0,IN32864FI,Manufacturing
TATA COMMUNICATIONS COLLABORATION SERVICES PRIVATE LIMITED,7375.0,IN0005053887,Services
TBO TEK LIMITED,4724.0,IN114936FI,"Transportation, Communications, Electric, Gas, and Sanitary Services"
TCNS CLOTHING CO. LIMITED,2387.0,IN001580674IND,Manufacturing
TEAMLEASE FOUNDATION,8299.0,IN0005563102,Services
TECHNO WAXCHEM PRIVATE LIMITED,3069.0,IN0005559277,Manufacturing
TEMENOS INDIA PRIVATE LIMITED,3571.0,IN0000020799,Manufacturing
TITAN COMPANY LIMITED,3873.0,IN30309FI,Manufacturing
TORRENT POWER LIMITED,4931.0,IN31492FI,"Transportation, Communications, Electric, Gas, and Sanitary Services"
TOYOTSU BHARAT INTEGRATED SERVICES PRIVATE LIMITED,1623.0,IN0012112553,Construction
TRBEX IMPEX PRIVATE LIMITED,5085.0,IN0005709626,Wholesale Trade
TRINITY CYCLES INDIA PRIVATE LIMITED,7389.0,IN0015523066,Services
TTEC INDIA CUSTOMER SOLUTIONS PRIVATE LIMITED,7371.0,IN0008453996,Services
TUAMAN ENGINEERING LIMITED,8711.0,IN0005803261,Services
TULSI PAPER MILLS PRIVATE LIMITED,2621.0,IN0020486423,Manufacturing
TVM SIGNALLING AND TRANSPORTATION SYSTEMS PRIVATE LIMITED,7371.0,IN0005816477,Services
UBISOFT ENTERTAINMENT INDIA PRIVATE LIMITED,7371.0,IN0005473588,Services
UBS BUSINESS SOLUTIONS (INDIA) PRIVATE LIMITED,7389.0,IN0015276916,Services
ULTRA DENIM PRIVATE LIMITED,2211.0,IN0012773047,Manufacturing
ULTRATECH CEMENT LIMITED,3241.0,IN30967FI,Manufacturing
UNIFIED DATA- TECH SOLUTIONS PRIVATE LIMITED,5085.0,IN0009640468,Wholesale Trade
UNIQUE FARMESTATE PRIVATE LIMITED,1629.0,IN0009617719,Construction
UNISOURCE PAPERS PRIVATE LIMITED,5085.0,IN0009601258,Wholesale Trade
UNIVERSAL CABLES LIMITED,3699.0,IN31558FI,Manufacturing
UNO MINDA LIMITED,3714.0,IN31496FI,Manufacturing
UP MONEY LIMITED,6159.0,IN0006471715,"Finance, Insurance, and Real Estate"
V-MART RETAIL LIMITED,5999.0,IN40011FI,Retail Trade
VANDERLANDE INDUSTRIES PRIVATE LIMITED,7371.0,IN0005126234,Services
VANESA COSMETICS PRIVATE LIMITED,2834.0,IN0013746256,Manufacturing
VARDHAMANGLOBAL SHARECOM PRIVATE LIMITED,6111.0,IN0012481915,"Finance, Insurance, and Real Estate"
VEDIC AND FUTURISTIC EDUTECH,8011.0,IN0005194934,Services
VEERABHADRA EXPORTS PRIVATE LIMITED,912.0,IN0003804468,Public Administration
VEHERE INTERACTIVE PVT LTD,7375.0,IN0005213557,Services
VERIFONE INDIA TECHNOLOGY PRIVATE LIMITED,7371.0,IN0005246007,Services
VIKAS TELECOM PRIVATE LIMITED,4899.0,IN0005336888,"Transportation, Communications, Electric, Gas, and Sanitary Services"
VIKRAN ENGINEERING PRIVATE LIMITED,7299.0,IN0014580181,Services
VINOD TEXWORLD PRIVATE LIMITED,2399.0,IN0012787147,Manufacturing
VIRCHOW BIOTECH PRIVATE LIMITED,2879.0,IN0013076196,Manufacturing
VISAKHA CONTAINER TERMINAL PRIVATE LIMITED,7389.0,IN0005400926,Services
VISTEX ASIA-PACIFIC PRIVATE LIMITED,7375.0,IN0010538934,Services
VIZAG TRANSMISSION LIMITED,4939.0,IN0010553011,"Transportation, Communications, Electric, Gas, and Sanitary Services"
WEILBURGER COATINGS (INDIA) PRIVATE LIMITED,2851.0,IN0004978272,Manufacturing
WEIR MINERALS (INDIA) PRIVATE LIMITED,7389.0,IN0004978355,Services
WESTERN ANDHRA TOLLWAYS PRIVATE LIMITED,1611.0,IN0000263792,Construction
WESTERN U. P. POWER TRANSMISSION COMPANY LIMITED,4911.0,IN0005006679,"Transportation, Communications, Electric, Gas, and Sanitary Services"
WINGIFY SOFTWARE PRIVATE LIMITED,7371.0,IN0005040253,Services
WIPRO LIMITED,7371.0,IN30183FI,Services
XILINX INDIA TECHNOLOGY SERVICES PRIVATE LIMITED,7371.0,IN0004933266,Services
YARDI SOFTWARE INDIA PRIVATE LIMITED,7375.0,IN0004843672,Services
YOGAKSHEMAM LOANS LIMITED,6159.0,IN0004907797,"Finance, Insurance, and Real Estate"
ZODIAC ENERGY LIMITED,3612.0,IN496274FI,Manufacturing
ZYDUS WELLNESS LTD,2099.0,IN33167FI,Manufacturing
