,BVD,Name,SIC,Industry,OM
180,IN0007688579,MY HOME INFRASTRUCTURES PRIVATE LIMITED,1629.0,Construction,1.164415496718834
18,IN0000310385,NUVAMA CLEARING SERVICES LIMITED,5199.0,Wholesale Trade,0.8483506014412079
19,IN0000317055,KOTAK INFRASTRUCTURE DEBT FUND LIMITED,6141.0,"Finance, Insurance, and Real Estate",0.8254016566432346
286,IN0013510803,NRSS XXIX TRANSMISSION LIMITED,4911.0,"Transportation, Communications, Electric, Gas, and Sanitary Services",0.81921666213162
228,IN0010553011,VIZAG TRANSMISSION LIMITED,4939.0,"Transportation, Communications, Electric, Gas, and Sanitary Services",0.7306844212195523
211,IN0009617719,UNIQUE FARMESTATE PRIVATE LIMITED,1629.0,Construction,0.7179368937287512
261,IN0012403293,POWERGRID WARORA TRANSMISSION LIMITED,4939.0,"Transportation, Communications, Electric, Gas, and Sanitary Services",0.7045173612098757
220,IN0010228564,ASTHA CREDIT AND SECURITIES PRIVATE LIMITED,6019.0,"Finance, Insurance, and Real Estate",0.6710814535125832
10,IN0000244706,GUJARAT CHEMICAL PORT LIMITED,2999.0,Manufacturing,0.6616641300537948
3,IN0000217045,NATIONAL STOCK EXCHANGE OF INDIA LTD,6111.0,"Finance, Insurance, and Real Estate",0.635196936079236
237,IN0011008936,SHRI RAM FINANCE CORPORATION PRIVATE LIMITED,6021.0,"Finance, Insurance, and Real Estate",0.5931985204937098
125,IN0005006679,WESTERN U. P. POWER TRANSMISSION COMPANY LIMITED,4911.0,"Transportation, Communications, Electric, Gas, and Sanitary Services",0.5925847234842035
263,IN0012481915,VARDHAMANGLOBAL SHARECOM PRIVATE LIMITED,6111.0,"Finance, Insurance, and Real Estate",0.5878120210987962
248,IN0011652772,SBI-SG GLOBAL SECURITIES SERVICES PRIVATE LIMITED,7389.0,Services,0.5800251571481181
327,IN0016402638,INFINITY FINCORP SOLUTIONS PRIVATE LIMITED,6159.0,"Finance, Insurance, and Real Estate",0.5798937314745501
154,IN0006402471,SVASTI MICROFINANCE PRIVATE LIMITED,6141.0,"Finance, Insurance, and Real Estate",0.5627768327129207
114,IN0003944776,IVRCL CHENGAPALLI TOLLWAYS LIMITED,1611.0,Construction,0.5626494897653039
414,IN36214FI,ARVIND SMARTSPACES LIMITED,6531.0,"Finance, Insurance, and Real Estate",0.5585778116941835
132,IN0005336888,VIKAS TELECOM PRIVATE LIMITED,4899.0,"Transportation, Communications, Electric, Gas, and Sanitary Services",0.5517657035484705
117,IN0004562609,KETI SANGAM INFRASTRUCTURE (INDIA) LIMITED,1611.0,Construction,0.5415365435429714
208,IN0009595303,CANDOR GURGAON ONE REALTY PROJECTS PRIVATE LIMITED,1521.0,Construction,0.5340828396487397
310,IN0015257248,NATIONAL INVESTMENT AND INFRASTRUCTURE FUND LIMITED,7389.0,Services,0.5337442927479755
156,IN0006471715,UP MONEY LIMITED,6159.0,"Finance, Insurance, and Real Estate",0.5267490014830645
307,IN0015212893,CFM ASSET RECONSTRUCTION PRIVATE LIMITED,6019.0,"Finance, Insurance, and Real Estate",0.5257249331409269
294,IN0014361151,RENEW SAUR URJA PRIVATE LIMITED,4939.0,"Transportation, Communications, Electric, Gas, and Sanitary Services",0.5225102001840987
121,IN0004907797,YOGAKSHEMAM LOANS LIMITED,6159.0,"Finance, Insurance, and Real Estate",0.5161879971801596
37,IN0001120801,ARTHA INFRATECH PRIVATE LIMITED,7371.0,Services,0.49672983948743904
137,IN0005563102,TEAMLEASE FOUNDATION,8299.0,Services,0.49448169487039567
127,IN0005053887,TATA COMMUNICATIONS COLLABORATION SERVICES PRIVATE LIMITED,7375.0,Services,0.4891702687902187
4,IN0000224266,GMR HYDERABAD INTERNATIONAL AIRPORT LIMITED,4512.0,"Transportation, Communications, Electric, Gas, and Sanitary Services",0.487881154803528
326,IN0016213742,SAVE MICROFINANCE PRIVATE LIMITED,6019.0,"Finance, Insurance, and Real Estate",0.48327576318025933
16,IN0000263792,WESTERN ANDHRA TOLLWAYS PRIVATE LIMITED,1611.0,Construction,0.4765135308019986
20,IN0000383584,SIKKIM POWER TRANSMISSION LIMITED,4911.0,"Transportation, Communications, Electric, Gas, and Sanitary Services",0.45918671671857236
233,IN0010804923,MARWADI SHARES AND FINANCE LIMITED,6141.0,"Finance, Insurance, and Real Estate",0.44482390545770073
34,IN0000824319,INDOSPACE AS INDUSTRIAL PARK PRIVATE LIMITED,1799.0,Construction,0.44239328839145076
46,IN0001449665,FORTITUDE STAINLESS PRIVATE LIMITED,8111.0,Services,0.4417552211654872
87,IN0002828632,FEEGRADE & CO PVT LTD,1222.0,Mining,0.43665535174372505
83,IN0002618113,CASTLE SHIPS PRIVATE LIMITED,3731.0,Manufacturing,0.41779413143221816
303,IN0014735247,SAHAKAR GLOBAL LIMITED,5085.0,Wholesale Trade,0.41705898337832353
45,IN0001393789,AZURE POWER INDIA PRIVATE LIMITED,4911.0,"Transportation, Communications, Electric, Gas, and Sanitary Services",0.4123261497871691
43,IN0001308217,APARNA INFRAHOUSING PRIVATE LIMITED (PART IX ),6531.0,"Finance, Insurance, and Real Estate",0.4015482134834671
332,IN100350FI,SUYOG TELEMATICS LIMITED,4899.0,"Transportation, Communications, Electric, Gas, and Sanitary Services",0.39405584463774773
129,IN0005194934,VEDIC AND FUTURISTIC EDUTECH,8011.0,Services,0.3853278392840702
59,IN0001875091,CAE SIMULATION TRAINING PRIVATE LIMITED,7389.0,Services,0.3833416287481181
340,IN114777FI,ADANI ENERGY SOLUTIONS LIMITED,4931.0,"Transportation, Communications, Electric, Gas, and Sanitary Services",0.3767569939832757
296,IN0014378094,SAMCO VENTURES PRIVATE LIMITED,7389.0,Services,0.36803509242895643
197,IN0008453996,TTEC INDIA CUSTOMER SOLUTIONS PRIVATE LIMITED,7371.0,Services,0.3465654857383256
427,IN918992FI,CLEAN SCIENCE AND TECHNOLOGY LIMITED,2899.0,Manufacturing,0.3381053937522161
15,IN0000258533,JADCHERLA EXPRESSWAYS PRIVATE LIMITED,1629.0,Construction,0.3316553197829257
6,IN0000235328,INVENIRE PETRODYNE LIMITED,1311.0,Mining,0.3306304619160219
420,IN496280FI,INNOVANA THINKLABS LIMITED,7372.0,Services,0.32765794122891123
287,IN0013649372,ATHAANG DICHPALLY TOLLWAY PRIVATE LIMITED,1611.0,Construction,0.32751898733236273
354,IN117660FI,ERIS LIFESCIENCES LIMITED,2834.0,Manufacturing,0.3235692720686952
105,IN0003663407,ICRA ANALYTICS LIMITED,7375.0,Services,0.32280658205732143
71,IN0002318966,DELHI AIRPORT PARKING SERVICES PRIVATE LIMITED,4789.0,"Transportation, Communications, Electric, Gas, and Sanitary Services",0.31729489789412996
278,IN0013076196,VIRCHOW BIOTECH PRIVATE LIMITED,2879.0,Manufacturing,0.31502590078234366
69,IN0002183212,CTRL S DATACENTERS LIMITED,7371.0,Services,0.3127237302743404
126,IN0005040253,WINGIFY SOFTWARE PRIVATE LIMITED,7371.0,Services,0.306721094348873
401,IN33239FI,CAPLIN POINT LABORATORIES LIMITED,2834.0,Manufacturing,0.3050700576069988
29,IN0000564245,CRIF HIGH MARK CREDIT INFORMATION SERVICES PRIVATE LIMITED,8743.0,Services,0.3022939014882111
133,IN0005400926,VISAKHA CONTAINER TERMINAL PRIVATE LIMITED,7389.0,Services,0.30195145659137274
223,IN0010311106,CONGRUENT SOLUTIONS PRIVATE LIMITED,3799.0,Manufacturing,0.30032570521460517
254,IN0011967591,NEW OPPORTUNITY CONSULTANCY PRIVATE LIMITED,7261.0,Services,0.2999706774475007
268,IN0012770999,SAMHI JV BUSINESS HOTELS PRIVATE LIMITED,7011.0,Services,0.28836796740946297
179,IN0007684273,MULTIPLES ALTERNATE ASSET MANAGEMENT PRIVATE LIMITED,7389.0,Services,0.28588250714881525
7,IN0000238181,FAIVELEY TRANSPORT RAIL TECHNOLOGIES INDIA PRIVATE LIMITED,3569.0,Manufacturing,0.2769109413849837
415,IN36480FI,NAVKAR CORPORATION LIMITED,4789.0,"Transportation, Communications, Electric, Gas, and Sanitary Services",0.2755884568261537
266,IN0012648642,RAJHANS CINE WORLD PRIVATE LIMITED,7812.0,Services,0.271211474607892
389,IN32178FI,PAUSHAK LIMITED,2899.0,Manufacturing,0.26646421198025766
241,IN0011078755,SHANTINIKETAN PROPERTIES PRIVATE LIMITED,6531.0,"Finance, Insurance, and Real Estate",0.2664285325162605
163,IN0006716404,RODIC CONSULTANTS PRIVATE LIMITED,4939.0,"Transportation, Communications, Electric, Gas, and Sanitary Services",0.2649565029709397
11,IN0000244782,EAGLEBURGMANN INDIA PRIVATE LIMITED,3559.0,Manufacturing,0.26249772991447795
164,IN0006752889,PRADIP POLYFILS PRIVATE LIMITED,3089.0,Manufacturing,0.2612817247398949
84,IN0002663791,EUROFINS ANALYTICAL SERVICES INDIA PRIVATE LIMITED,8731.0,Services,0.26095724234415735
109,IN0003738029,COFORGE DPA PRIVATE LIMITED,7371.0,Services,0.2606406111873673
67,IN0002138315,CREATIVE CARVE PRIVATE LIMITED,3559.0,Manufacturing,0.2561423508307816
124,IN0004978355,WEIR MINERALS (INDIA) PRIVATE LIMITED,7389.0,Services,0.2542879682261734
52,IN0001726341,BLUEBERRY AGRO PRODUCTS PRIVATE LIMITED,2051.0,Manufacturing,0.25080953439737913
342,IN116360FI,ADANI TOTAL GAS LIMITED,4923.0,"Transportation, Communications, Electric, Gas, and Sanitary Services",0.2472943574640152
256,IN0012112553,TOYOTSU BHARAT INTEGRATED SERVICES PRIVATE LIMITED,1623.0,Construction,0.24534130657519185
161,IN0006688975,RMD KWIKFORM INDIA PRIVATE LIMITED,8742.0,Services,0.2451024030187953
53,IN0001743517,SUD CHEMIE INDIA PRIVATE LIMITED,2299.0,Manufacturing,0.2424016142686102
244,IN0011362234,SIGNATURE INTERNATIONAL FOODS INDIA PRIVATE LIMITED,2099.0,Manufacturing,0.24109987491847415
364,IN30531FI,BHARAT ELECTRONICS LIMITED,9711.0,Public Administration,0.23885508353377438
89,IN0002895572,FLUID CONTROLS PVT LTD,3561.0,Manufacturing,0.23788622543136606
64,IN0001957991,CENTRAL U.P. GAS LIMITED,4922.0,"Transportation, Communications, Electric, Gas, and Sanitary Services",0.23357558369768058
167,IN0006887632,QUARKCITY INDIA PRIVATE LIMITED,6531.0,"Finance, Insurance, and Real Estate",0.23311889242471842
41,IN0001235405,ATC TIRES PRIVATE LIMITED,3011.0,Manufacturing,0.23126831004246692
387,IN32097FI,GANESH BENZOPLAST LIMITED,2899.0,Manufacturing,0.22950442961610984
9,IN0000243034,ECONOMIC EXPLOSIVES LIMITED,2892.0,Manufacturing,0.22640697853155375
145,IN0005903159,SENSA CORE MEDICAL INSTRUMENTATION PRIVATE LIMITED,7389.0,Services,0.22579580410443764
229,IN0010698936,MANSUKH SECURITIES AND FINANCE LIMITED,7389.0,Services,0.22449324711172902
336,IN111222FI,COCHIN SHIPYARD LIMITED,3731.0,Manufacturing,0.22249860901704754
319,IN001576356IND,SUPRIYA LIFESCIENCE LIMITED,2879.0,Manufacturing,0.22202189554073157
379,IN31466FI,GUJARAT STATE PETRONET LIMITED,4924.0,"Transportation, Communications, Electric, Gas, and Sanitary Services",0.22146539135143972
409,IN34493FI,SREELEATHERS LTD,5139.0,Wholesale Trade,0.22068175536041357
239,IN0011018813,RASI SEEDS PRIVATE LIMITED,139.0,Mining,0.2183497019304118
95,IN0003353519,GREEN GAS LIMITED,2999.0,Manufacturing,0.21784115174398785
111,IN0003769766,INDIANOIL PETRONAS PRIVATE LIMITED,7389.0,Services,0.21597263144872159
182,IN0007759218,EPICENTER TECHNOLOGIES PRIVATE LIMITED,7375.0,Services,0.2155737118873942
12,IN0000245832,L&T ENERGY HYDROCARBON ENGINEERING LIMITED,8712.0,Services,0.21470955447131299
130,IN0005213557,VEHERE INTERACTIVE PVT LTD,7375.0,Services,0.21413775036227123
40,IN0001224431,ARMSTRONG ROBOTICS & TECHNOLOGIES PRIVATE LIMITED,3569.0,Manufacturing,0.2117474098053892
136,IN0005559277,TECHNO WAXCHEM PRIVATE LIMITED,3069.0,Manufacturing,0.20989814163974216
267,IN0012662906,PRAVESHA INDUSTRIES PRIVATE LIMITED,3523.0,Manufacturing,0.209208507224018
380,IN31487FI,SOBHA LIMITED,6531.0,"Finance, Insurance, and Real Estate",0.20895182235857512
365,IN30589FI,ENGINEERS INDIA LIMITED,8711.0,Services,0.20877605586084388
290,IN0013855003,DASSAULT SYSTEMES GLOBAL SERVICES PRIVATE LIMITED,7375.0,Services,0.20869862378707227
56,IN0001799331,BRAHMANI RIVER PELLETS LIMITED,3315.0,Manufacturing,0.2075889218269262
91,IN0003112809,GENERAL ATLANTIC PRIVATE LIMITED,8712.0,Services,0.20315313992222458
416,IN37278FI,MTAR TECHNOLOGIES LIMITED,3559.0,Manufacturing,0.20266977716188075
74,IN0002441478,DHARIWAL INFRASTRUCTURE LIMITED,6531.0,"Finance, Insurance, and Real Estate",0.20044072982272568
378,IN31362FI,IOL CHEMICALS AND PHARMACEUTICALS LIMITED,2899.0,Manufacturing,0.19976862528327535
400,IN33167FI,ZYDUS WELLNESS LTD,2099.0,Manufacturing,0.19917078004492925
72,IN0002423347,COMPANY3 METHOD INDIA PRIVATE LIMITED,4832.0,"Transportation, Communications, Electric, Gas, and Sanitary Services",0.19585708839950833
370,IN30831FI,INDRAPRASTHA GAS LIMITED,4932.0,"Transportation, Communications, Electric, Gas, and Sanitary Services",0.19584332391701176
177,IN0007639913,MODERN ROAD MAKERS P LTD,1611.0,Construction,0.1945489357967558
338,IN112349FI,SYNGENE INTERNATIONAL LIMITED,2834.0,Manufacturing,0.1945432049397501
230,IN0010767893,MILLIMAN INDIA PRIVATE LIMITED,8742.0,Services,0.19386352995507003
174,IN0007520057,LONSEN KIRI CHEMICAL INDUSTRIES LIMITED,2816.0,Manufacturing,0.19099510417463214
246,IN001152862IND,RUDRABHISHEK ENTERPRISES LIMITED,8748.0,Services,0.18987185548864982
373,IN31181FI,ALKYL AMINES CHEMICALS LIMITED,2899.0,Manufacturing,0.18955516819836102
413,IN36061FI,ANUPAM RASAYAN INDIA LIMITED,2899.0,Manufacturing,0.18713615203609
162,IN0006706513,ROBOSOFT TECHNOLOGIES PRIVATE LIMITED,7375.0,Services,0.18560286803953643
243,IN0011266763,SUPARNA CHEMICALS LIMITED,2819.0,Manufacturing,0.184134089031055
159,IN0006586761,RENAULT NISSAN TECHNOLOGY & BUSINESS CENTRE INDIA PRIVATE LIMITED,5571.0,Retail Trade,0.18269009912881037
207,IN0009513854,CLIFFORD CHANCE BUSINESS SERVICES PRIVATE LIMITED,5734.0,Retail Trade,0.18180310772777497
262,IN0012439902,MAJESCO SOFTWARE AND SOLUTIONS INDIA PRIVATE LIMITED,7375.0,Services,0.1804679353260513
398,IN33040FI,GODAWARI POWER & ISPAT LTD,3312.0,Manufacturing,0.17917140945874152
322,IN001579121IND,ERI-TECH LIMITED,3499.0,Manufacturing,0.1790883651039924
60,IN0001883274,CALIBRE CHEMICALS PRIVATE LIMITED,2899.0,Manufacturing,0.17889411898856555
273,IN0012849189,SAWAN ENGINEERS PRIVATE LIMITED,3312.0,Manufacturing,0.17818078226452394
135,IN0005524571,TADIMETY AROMATICS PRIVATE LIMITED,2813.0,Manufacturing,0.17710913323232005
65,IN0002026901,ACCENTURE OPERATIONS SERVICES PRIVATE LIMITED,7389.0,Services,0.17591596098329107
252,IN0011746231,MORNINGSTAR INDIA PRIVATE LIMITED,7374.0,Services,0.1749547259407279
188,IN0007948333,ELLUCIAN HIGHER EDUCATION SYSTEMS INDIA PRIVATE LIMITED,7375.0,Services,0.1749259445384436
86,IN0002822131,FACEBOOK INDIA ONLINE SERVICES PRIVATE LIMITED,7375.0,Services,0.17488166126266935
392,IN32439FI,BHARAT RASAYAN LIMITED,2879.0,Manufacturing,0.17432504125023382
362,IN30396FI,STERLITE TECHNOLOGIES LIMITED,3357.0,Manufacturing,0.1742945488671349
176,IN0007582142,MACQUARIE GLOBAL SERVICES PRIVATE LIMITED,7299.0,Services,0.17382060451682005
346,IN117363FI,AARNAV FASHIONS LIMITED,6099.0,"Finance, Insurance, and Real Estate",0.17375135829677726
381,IN31492FI,TORRENT POWER LIMITED,4931.0,"Transportation, Communications, Electric, Gas, and Sanitary Services",0.17359174911633599
404,IN33643FI,POLY MEDICURE LIMITED,3841.0,Manufacturing,0.173290309167492
110,IN0003764543,INDIAN METALS & ALLOYS MANUFACTURING COMPANY PRIVATE LIMITED,3321.0,Manufacturing,0.17307308680511002
141,IN0005836713,SCHOTT POONAWALLA PRIVATE LIMITED,3221.0,Manufacturing,0.17265253926993238
259,IN0012355638,ENEOS TIDE WATER LUBRICANTS INDIA PRIVATE LIMITED,7389.0,Services,0.17247791628240763
227,IN0010538934,VISTEX ASIA-PACIFIC PRIVATE LIMITED,7375.0,Services,0.1706228332064228
320,IN001576439IND,NEOGEN CHEMICALS LIMITED,2869.0,Manufacturing,0.170380053517086
79,IN0002554415,DYNATECH TOOLS & DEVICES (BENGALURU) PRIVATE LIMITED,3312.0,Manufacturing,0.16989075382643593
73,IN0002441431,DHARIWAL INDUSTRIES PRIVATE LIMITED,3499.0,Manufacturing,0.1695221995450432
390,IN32313FI,MOLD-TEK TECHNOLOGIES LIMITED,8711.0,Services,0.16951673932736447
345,IN117175FI,L&T TECHNOLOGY SERVICES LIMITED,8711.0,Services,0.16892038790440056
402,IN33363FI,BAJAJ AUTO LIMITED,3751.0,Manufacturing,0.16872746465728464
385,IN31638FI,ALANKIT LTD,6099.0,"Finance, Insurance, and Real Estate",0.16864950930215808
100,IN0003599749,HID INDIA PRIVATE LIMITED,3571.0,Manufacturing,0.16838921314496702
82,IN0002602668,ESDS SOFTWARE SOLUTION LIMITED,7371.0,Services,0.16830196847203208
200,IN0009103562,HOME LIFE BUILDCON PRIVATE LIMITED,1629.0,Construction,0.16814330354988571
106,IN0003705045,IHS GLOBAL PRIVATE LIMITED,7374.0,Services,0.168009283165906
32,IN0000723421,ALLIANCE INSURANCE BROKERS PRIVATE LIMITED,6411.0,"Finance, Insurance, and Real Estate",0.1679218993031013
291,IN0014167577,BRITISH INTERNATIONAL INVESTMENT INDIA ADVISERS PRIVATE LIMITED,8721.0,Services,0.1677605679114257
344,IN117174FI,MADHYA BHARAT AGRO PRODUCTS LIMITED,1475.0,Mining,0.16637868589665508
1,IN0000020799,TEMENOS INDIA PRIVATE LIMITED,3571.0,Manufacturing,0.16625549370791526
221,IN0010233868,ASUS TECHNOLOGY PRIVATE LIMITED,7375.0,Services,0.16470595803216762
275,IN0012898706,SAI LIFE SCIENCES LIMITED,2833.0,Manufacturing,0.16396227380486966
102,IN0003638043,HUGHES AND HUGHES CHEM LIMITED,2869.0,Manufacturing,0.16267529133409273
131,IN0005246007,VERIFONE INDIA TECHNOLOGY PRIVATE LIMITED,7371.0,Services,0.16142911155722775
357,IN30183FI,WIPRO LIMITED,7371.0,Services,0.161188436813242
122,IN0004933266,XILINX INDIA TECHNOLOGY SERVICES PRIVATE LIMITED,7371.0,Services,0.16051525303178013
347,IN117426FI,SATIA INDUSTRIES LIMITED,5111.0,Wholesale Trade,0.16032044623103517
363,IN30516FI,ATUL LIMITED,2899.0,Manufacturing,0.15975116596952266
153,IN0006164359,STANDARD CHARTERED (INDIA) MODELING AND ANALYTICS CENTRE PRIVATE LIMITED,7389.0,Services,0.15971614764020126
142,IN0005844689,STANDARD CHARTERED GLOBAL BUSINESS SERVICES PRIVATE LIMITED,6019.0,"Finance, Insurance, and Real Estate",0.15968074121224865
189,IN0007954205,ELYSIUM PHARMACEUTICALS LTD,2834.0,Manufacturing,0.15957266519010557
21,IN0000399632,RCCPL PRIVATE LIMITED,3241.0,Manufacturing,0.15944009723487282
107,IN0003723003,IMPERIAL DYEING LIMITED,2211.0,Manufacturing,0.15913852156260694
195,IN0008407527,EVONIK CATALYSTS INDIA PRIVATE LIMITED,2869.0,Manufacturing,0.1590470660306311
313,IN0015380368,RAKUTEN INDIA ENTERPRISE PRIVATE LIMITED,7371.0,Services,0.15682732344165914
88,IN0002883707,FLEUR HOTELS LIMITED,7011.0,Services,0.15625116412358622
175,IN0007533259,LSI INDIA RESEARCH & DEVELOPMENT PRIVATE LIMITED,3679.0,Manufacturing,0.1561007842971761
348,IN117452FI,SAKAR HEALTHCARE LTD,2834.0,Manufacturing,0.1560888868495207
8,IN0000239779,TAGROS CHEMICALS INDIA PRIVATE LIMITED,2899.0,Manufacturing,0.15462069684137383
80,IN0002573819,EISAI PHARMACEUTICALS INDIA PRIVATE LIMITED,2834.0,Manufacturing,0.15382258273838204
360,IN30351FI,JUBILANT PHARMOVA LIMITED,2834.0,Manufacturing,0.153668865089963
306,IN0015158986,CME INDIA PRIVATE LIMITED,7389.0,Services,0.15363898735878553
309,IN0015254025,J. C. PENNEY SERVICES INDIA PRIVATE LIMITED,7371.0,Services,0.1529426700548813
328,IN0016559702,DBS TECHNOLOGY SERVICES INDIA PRIVATE LIMITED,7374.0,Services,0.15254234655734275
166,IN0006874292,MINDSPRINT DIGITAL (INDIA) PRIVATE LIMITED,7371.0,Services,0.15187425429790322
206,IN0009427438,B. G. SHIRKE CONSTRUCTION TECHNOLOGY PRIVATE LIMITED,1623.0,Construction,0.1517015530167364
375,IN31252FI,DEEPAK NITRITE LIMITED,2899.0,Manufacturing,0.1511556296616773
62,IN0001919066,CARGILL BUSINESS SERVICES INDIA PRIVATE LIMITED,8742.0,Services,0.1509376811693667
308,IN0015217698,MADHEPURA ELECTRIC LOCOMOTIVE PRIVATE LIMITED,3799.0,Manufacturing,0.15067673760225783
103,IN0003644518,ARCADIS CONSULTING INDIA PRIVATE LIMITED,7375.0,Services,0.1503094476686879
78,IN0002502955,CDET EXPLOSIVE INDUSTRIES PRIVATE LIMITED,3569.0,Manufacturing,0.14943175898116443
337,IN111777FI,M.R.ORGANISATION LIMITED,3631.0,Manufacturing,0.14908492533161213
147,IN0006047781,SOFTGEL HEALTHCARE PRIVATE LIMITED,2834.0,Manufacturing,0.14860614356243165
314,IN0015441306,DIAGEO BUSINESS SERVICES INDIA PRIVATE LIMITED,7389.0,Services,0.1475471689872106
374,IN31182FI,FRONTIER SPRINGS LIMITED,3493.0,Manufacturing,0.14739290438283723
119,IN0004648108,KLA-TENCOR SOFTWARE INDIA PRIVATE LIMITED,7371.0,Services,0.14694906909995478
236,IN0010976785,SANDISK INDIA DEVICE DESIGN CENTRE PRIVATE LIMITED,7374.0,Services,0.14679953503234058
406,IN33997FI,ASTEC LIFESCIENCES LIMITED,7379.0,Services,0.1466380917612373
232,IN0010803607,MADHU SILICA PRIVATE LIMITED,2299.0,Manufacturing,0.14441300243440713
108,IN0003729069,IMERYS NEWQUEST (INDIA) PRIVATE LIMITED,2299.0,Manufacturing,0.14352034536426303
361,IN30363FI,SHREE CEMENT LIMITED,3241.0,Manufacturing,0.14319636546441233
351,IN117593FI,AIRAN LIMITED,7299.0,Services,0.14212259435888439
152,IN0006111681,SPECIALITY SINTERED PRODUCTS PRIVATE LIMITED,3714.0,Manufacturing,0.14161983621505614
293,IN0014250713,DTCC ENTERPRISE SERVICES INDIA PRIVATE LIMITED,7375.0,Services,0.14097926689709314
219,IN0010172396,DP WORLD MULTIMODAL LOGISTICS HYDERABAD PRIVATE LIMITED,4225.0,"Transportation, Communications, Electric, Gas, and Sanitary Services",0.14091141066850868
120,IN0004843672,YARDI SOFTWARE INDIA PRIVATE LIMITED,7375.0,Services,0.1407997045355473
13,IN0000250794,ROOTS MULTI CLEAN LIMITED,3559.0,Manufacturing,0.14073095046585238
155,IN0006454102,SUBHASH SAREES & INDUSTRIES PRIVATE LIMITED,2281.0,Manufacturing,0.14044688630787414
339,IN114114FI,SHARDA CROPCHEM LIMITED,2899.0,Manufacturing,0.1403967634215312
295,IN0014364291,EZESOFTWARE INDIA PRIVATE LIMITED,7371.0,Services,0.1403906600340329
210,IN0009602415,SARNA CHEMICALS PRIVATE LIMITED,2834.0,Manufacturing,0.14030928256949485
331,IN0020486423,TULSI PAPER MILLS PRIVATE LIMITED,2621.0,Manufacturing,0.14011384474928293
39,IN0001208264,ALLIED JB FRICTION PRIVATE LIMITED,3799.0,Manufacturing,0.13952610131794596
93,IN0003181842,GLF LIFESTYLE BRANDS PRIVATE LIMITED,5085.0,Wholesale Trade,0.13951113887322297
298,IN0014405043,DYWIDAG BRIDGECON INDIA PRIVATE LIMITED,8742.0,Services,0.13766597802246805
165,IN0006796691,ROTOSTAT SERVICES PRIVATE LIMITED,7389.0,Services,0.13760594072986193
196,IN0008441979,MORGAN STANLEY ADVANTAGE SERVICES PRIVATE LIMITED,7375.0,Services,0.13760115750051885
253,IN0011779424,SERVICENOW SOFTWARE DEVELOPMENT INDIA PRIVATE LIMITED,7375.0,Services,0.13737823421160447
371,IN30967FI,ULTRATECH CEMENT LIMITED,3241.0,Manufacturing,0.13727635571056213
44,IN0001369209,ARISTOCRAT TECHNOLOGIES INDIA PRIVATE LIMITED,7389.0,Services,0.13671677817483452
193,IN0008307415,MERCEDES-BENZ RESEARCH AND DEVELOPMENT INDIA PRIVATE LIMITED,8743.0,Services,0.1360066438665021
349,IN117483FI,KRISHANA PHOSCHEM LTD,2875.0,Manufacturing,0.13585821703516243
22,IN0000400929,CII GUARDIAN INTERNATIONAL LIMITED,3559.0,Manufacturing,0.13538481790902832
329,IN0019959338,KYODO YUSHI INDIA PRIVATE LIMITED,2992.0,Manufacturing,0.13500401175395452
187,IN0007927584,ELICA PB WHIRLPOOL KITCHEN APPLIANCES PRIVATE LIMITED,3631.0,Manufacturing,0.13499951184168238
372,IN30983FI,GRANULES INDIA LIMITED,2834.0,Manufacturing,0.1349149198605393
279,IN0013121307,RAMBOLL INDIA PRIVATE LIMITED,7371.0,Services,0.13481537928537954
90,IN0003080307,GAWAR CONSTRUCTION LIMITED.,6531.0,"Finance, Insurance, and Real Estate",0.13476667023035033
255,IN001202134IND,CAMPUS ACTIVEWEAR LIMITED,3149.0,Manufacturing,0.1346797031603836
353,IN117653FI,GTPL HATHWAY LIMITED,4841.0,"Transportation, Communications, Electric, Gas, and Sanitary Services",0.1345241965974213
289,IN0013820192,ADVENT CHEMBIO PRIVATE LIMITED,2834.0,Manufacturing,0.1344141686559024
321,IN001577497IND,ROSSARI BIOTECH LIMITED,2899.0,Manufacturing,0.13412967310165488
118,IN0004627072,KISANKRAFT LIMITED,3545.0,Manufacturing,0.13401704578362936
191,IN0008056607,MCKINSEY GLOBAL CAPABILITIES & SERVICES PRIVATE LIMITED,7371.0,Services,0.13387424751042612
172,IN0007445057,NORTHERN OPERATING SERVICES PRIVATE LIMITED,7374.0,Services,0.1337815937764364
61,IN0001890039,CAMBIUM NETWORKS PRIVATE LIMITED,7389.0,Services,0.1333332545797394
394,IN32864FI,TASTY BITE EATABLES LIMITED,2038.0,Manufacturing,0.13308165576016232
38,IN0001149649,EXPERIS IT PRIVATE LIMITED,7375.0,Services,0.13304986269086125
234,IN0010883963,KYOSAN INDIA PRIVATE LIMITED,3694.0,Manufacturing,0.13275615468543847
238,IN0011014103,SHRI BAJRANG POWER AND ISPAT LIMITED,3315.0,Manufacturing,0.1321848209809297
68,IN0002165097,CROSSLAY REMEDIES LIMITED,2833.0,Manufacturing,0.1319758872185878
213,IN0009708394,J. P. MORGAN SERVICES INDIA PRIVATE LIMITED,7375.0,Services,0.13175441063100546
81,IN0002582112,EQUIRUS SECURITIES PRIVATE LIMITED,6159.0,"Finance, Insurance, and Real Estate",0.13160081235871982
54,IN0001760221,BMR HVAC LIMITED,3714.0,Manufacturing,0.13134732152826237
324,IN0016114677,NTS TECHNOLOGY SERVICES PRIVATE LIMITED,7375.0,Services,0.13068608847470878
36,IN0000948242,ANDRITZ TECHNOLOGIES PRIVATE LIMITED,3559.0,Manufacturing,0.13007661008250151
138,IN0005709626,TRBEX IMPEX PRIVATE LIMITED,5085.0,Wholesale Trade,0.1299547202757765
226,IN0010462566,ASIAN THAI FOODS INDIA PRIVATE LIMITED,2051.0,Manufacturing,0.1296968204980582
311,IN0015276916,UBS BUSINESS SOLUTIONS (INDIA) PRIVATE LIMITED,7389.0,Services,0.1293112193010817
367,IN30723FI,SRF LIMITED,2299.0,Manufacturing,0.12925802394692928
341,IN114936FI,TBO TEK LIMITED,4724.0,"Transportation, Communications, Electric, Gas, and Sanitary Services",0.12867976992628183
128,IN0005126234,VANDERLANDE INDUSTRIES PRIVATE LIMITED,7371.0,Services,0.12835151977491654
323,IN001580674IND,TCNS CLOTHING CO. LIMITED,2387.0,Manufacturing,0.12827986252885226
292,IN0014220586,OAKNORTH GLOBAL PRIVATE LIMITED,7371.0,Services,0.12766431075982834
424,IN621270FI,TARA CHAND LOGISTIC SOLUTIONS LIMITED,7389.0,Services,0.12711486373206013
399,IN33041FI,STYLAM INDUSTRIES LTD,2672.0,Manufacturing,0.12685721210445558
386,IN31847FI,ORIENTAL AROMATICS LTD,2899.0,Manufacturing,0.12456994981385679
426,IN918732FI,SUMITOMO CHEMICAL INDIA LTD,2899.0,Manufacturing,0.12347804925560102
199,IN0008730323,NU HOSPITALS PRIVATE LIMITED,8062.0,Services,0.12287780944522193
217,IN0010020822,ONEIRO LIFECARE PRIVATE LIMITED,2834.0,Manufacturing,0.12201900639384504
0,GBFC029279,BARCLAYS GLOBAL SERVICE CENTRE PRIVATE LIMITED,6021.0,"Finance, Insurance, and Real Estate",0.12121398245841537
123,IN0004978272,WEILBURGER COATINGS (INDIA) PRIVATE LIMITED,2851.0,Manufacturing,0.12119245963218063
104,IN0003662134,HYOSEONG ELECTRIC INDIA PRIVATE LIMITED,5013.0,Wholesale Trade,0.1198443011646525
408,IN34172FI,JUBILANT FOODWORKS LIMITED,5812.0,Retail Trade,0.11943856545056437
151,IN0006108089,SPC LIFE SCIENCES LIMITED,2834.0,Manufacturing,0.11936181873576361
352,IN117612FI,PSP PROJECTS LIMITED,8741.0,Services,0.11913110155025759
335,IN108449FI,H.G. INFRA ENGINEERING LIMITED,1611.0,Construction,0.11817780057549164
297,IN0014384021,ARAVALI TECHNICAL SERVICES PRIVATE LIMITED,7389.0,Services,0.11800560010132016
26,IN0000512835,AET LABORATORIES PRIVATE LIMITED,2833.0,Manufacturing,0.11754025733843199
356,IN30074FI,RELIANCE INDUSTRIES LIMITED,2821.0,Manufacturing,0.11604706556878776
391,IN32423FI,PRIVI SPECIALITY CHEMICALS LIMITED,2899.0,Manufacturing,0.11543642212427978
318,IN0015755595,GOTO TECHNOLOGIES INDIA PRIVATE LIMITED,7375.0,Services,0.11532880109500133
231,IN0010783832,HL MANDO SOFTTECH INDIA PRIVATE LIMITED,7375.0,Services,0.11477281261191154
150,IN0006103892,SPARSH BIO-TECH PRIVATE LIMITED,2834.0,Manufacturing,0.11440839434140405
395,IN32914FI,HLE GLASCOAT LIMITED,2899.0,Manufacturing,0.11438322185152187
98,IN0003557159,HI-TECH CHEMICALS LIMITED,2819.0,Manufacturing,0.1129460126696969
50,IN0001594218,BESMAK COMPONENTS PRIVATE LIMITED,3089.0,Manufacturing,0.11212181346577384
369,IN30813FI,GUFIC BIOSCIENCES LIMITED,5122.0,Wholesale Trade,0.11209832885227237
302,IN0014703189,RYAN INDIA TAX SERVICES PRIVATE LIMITED,7389.0,Services,0.1118596969606322
27,IN0000557183,AAKAR FOUNDRY PRIVATE LIMITED,3321.0,Manufacturing,0.11181787382539536
92,IN0003119282,GENESYS TELECOM LABS INDIA PRIVATE LIMITED,7371.0,Services,0.1115502871039627
2,IN0000023056,ARGO-HYTOS PRIVATE LIMITED,2999.0,Manufacturing,0.10993788786106344
23,IN0000401452,SIGMA ALDRICH CHEMICALS PRIVATE LIMITED,2813.0,Manufacturing,0.10986005025431404
343,IN116765FI,GUJARAT GAS LIMITED,4923.0,"Transportation, Communications, Electric, Gas, and Sanitary Services",0.10938847980427975
101,IN0003627406,HRS PROCESS SYSTEMS LIMITED,3433.0,Manufacturing,0.10905730256061393
304,IN0014920153,FOURKITES INDIA PRIVATE LIMITED,7389.0,Services,0.10869324377061286
359,IN30332FI,ESAB INDIA LIMITED,3496.0,Manufacturing,0.1085912996481817
49,IN0001586453,BERRY ALLOYS LIMITED,3321.0,Manufacturing,0.1083173309846235
47,IN0001538829,BC MANAGEMENT SERVICES PRIVATE LIMITED,8742.0,Services,0.10793721806746141
421,IN508884FI,AAKASH EXPLORATION SERVICES LIMITED,1381.0,Mining,0.1077253738909885
301,IN0014580181,VIKRAN ENGINEERING PRIVATE LIMITED,7299.0,Services,0.10694376824132894
412,IN35325FI,POLYCAB INDIA LIMITED,3357.0,Manufacturing,0.10613416557776473
218,IN0010100905,PRINCIPAL GLOBAL SERVICES PRIVATE LIMITED,4311.0,"Transportation, Communications, Electric, Gas, and Sanitary Services",0.106028112017257
63,IN0001948575,CELEBI AIRPORT SERVICES INDIA PRIVATE LIMITED,4789.0,"Transportation, Communications, Electric, Gas, and Sanitary Services",0.10548732344613189
183,IN0007779924,ECO PROTECTION ENGINEERS PRIVATE LIMITED,4941.0,"Transportation, Communications, Electric, Gas, and Sanitary Services",0.10508363082523257
14,IN0000252668,METROCHEM API PRIVATE LIMITED,2833.0,Manufacturing,0.1044385187538413
24,IN0000401808,AGAPPE DIAGNOSTICS LIMITED,3844.0,Manufacturing,0.10364081225372046
190,IN0007964882,HEERU CORROSION PROTECTION SERVICES INDIA PRIVATE LIMITED,3999.0,Manufacturing,0.10351844012963403
57,IN0001831344,BRILLIANT POLYMERS PRIVATE LIMITED,2834.0,Manufacturing,0.10335371615867243
384,IN31560FI,KIRLOSKAR PNEUMATIC COMPANY LIMITED,3563.0,Manufacturing,0.10200274224417934
285,IN0013367727,SRI KAUVERY MEDICAL CARE (INDIA) LIMITED,8062.0,Services,0.1016704980340508
330,IN002003598IND,BHARAT PARENTERALS LIMITED,2833.0,Manufacturing,0.10069031767911374
366,IN30629FI,KALPATARU PROJECTS INTERNATIONAL LIMITED,4911.0,"Transportation, Communications, Electric, Gas, and Sanitary Services",0.10047371258922995
134,IN0005473588,UBISOFT ENTERTAINMENT INDIA PRIVATE LIMITED,7371.0,Services,0.10042957738387927
77,IN0002486204,DISPOSAFE HEALTH AND LIFE CARE LIMITED,3321.0,Manufacturing,0.10038666035763237
333,IN104435FI,ASARFI HOSPITAL LIMITED,8062.0,Services,0.10012570040637336
35,IN0000900825,ANTON PAAR INDIA PRIVATE LIMITED,2678.0,Manufacturing,0.0993930551767994
178,IN0007648291,MSS INDIA PRIVATE LIMITED,3339.0,Manufacturing,0.09935426028171017
358,IN30309FI,TITAN COMPANY LIMITED,3873.0,Manufacturing,0.0989561207076793
280,IN0013126521,SHIN-ETSU POLYMER INDIA PRIVATE LIMITED,3559.0,Manufacturing,0.0980316751916497
143,IN0005846136,SCORPIO MARINE MANAGEMENT (INDIA) PRIVATE LIMITED,4173.0,"Transportation, Communications, Electric, Gas, and Sanitary Services",0.096451802178448
48,IN0001583049,INDITEX TRENT RETAIL INDIA PRIVATE LIMITED,7389.0,Services,0.09641186892012403
181,IN0007759028,EPICU AGRO PRODUCTS PRIVATE LIMITED,2037.0,Manufacturing,0.09624842789230885
140,IN0005816477,TVM SIGNALLING AND TRANSPORTATION SYSTEMS PRIVATE LIMITED,7371.0,Services,0.09581862476476362
368,IN30755FI,KENNAMETAL INDIA LIMITED,3541.0,Manufacturing,0.09503280709506556
249,IN0011694911,SUREPREP (INDIA) PRIVATE LIMITED,7371.0,Services,0.09443275001409823
33,IN0000737001,ALCOBREW DISTILLERIES INDIA LIMITED,2084.0,Manufacturing,0.09438136077894689
170,IN0007425033,NISSAN TRADING INDIA PRIVATE LIMITED,7538.0,Services,0.09418162911918537
383,IN31558FI,UNIVERSAL CABLES LIMITED,3699.0,Manufacturing,0.09373603430996247
224,IN0010355461,FORTREA DEVELOPMENT INDIA PRIVATE LIMITED,7389.0,Services,0.09372545630059546
158,IN0006509652,SYNOPSYS (INDIA) EDA SOFTWARE PRIVATE LIMITED,7371.0,Services,0.0925686302602345
97,IN0003542045,HASTI PETRO CHEMICAL AND SHIPPING LIMITED,2999.0,Manufacturing,0.09252309892293324
257,IN0012162509,GLOWSTONE INDUSTRIES PRIVATE LIMITED,1499.0,Mining,0.09247125491601875
250,IN0011723147,OG CORPORATION INDIA PRIVATE LIMITED,2834.0,Manufacturing,0.09153657000944014
171,IN0007428776,NM AUTOMATION & CONTROL PRIVATE LIMITED,7389.0,Services,0.09093599837186321
325,IN0016163415,RESERVE BANK INFORMATION TECHNOLOGY PRIVATE LIMITED,7375.0,Services,0.0909312177158265
334,IN106142FI,INNOVA CAPTAB LIMITED,2834.0,Manufacturing,0.09070206403800289
157,IN0006494592,SYMEGA FOOD INGREDIENTS LIMITED,5141.0,Wholesale Trade,0.09063216298898567
393,IN32512FI,SALZER ELECTRONICS LIMITED,3629.0,Manufacturing,0.09012936884260153
407,IN34028FI,REGENCY HOSPITAL LIMITED,8062.0,Services,0.0896737334373822
376,IN31271FI,APOLLO PIPES LIMITED,3089.0,Manufacturing,0.08905672409037663
403,IN33500FI,MAHINDRA CIE AUTOMOTIVE LIMITED,3714.0,Manufacturing,0.08879768627463401
405,IN33817FI,KULKARNI POWER TOOLS LIMITED,3699.0,Manufacturing,0.08805856363056654
265,IN0012600781,SILVERTON PULP AND PAPERS PRIVATE LIMITED,2655.0,Manufacturing,0.08719668243281241
192,IN0008136163,OC SPECIALITIES PRIVATE LIMITED,2869.0,Manufacturing,0.08687869681247086
425,IN737269FI,POWER & INSTRUMENTATION (GUJARAT) LIMITED,3699.0,Manufacturing,0.08635570019322303
212,IN0009640468,UNIFIED DATA- TECH SOLUTIONS PRIVATE LIMITED,5085.0,Wholesale Trade,0.08621977841734903
139,IN0005803261,TUAMAN ENGINEERING LIMITED,8711.0,Services,0.08538357290420073
94,IN0003342633,GREAT VALUE FUELS PRIVATE LIMITED,5199.0,Wholesale Trade,0.08401802557743904
184,IN0007813441,DONGSUNG PRECISION COMPANY PRIVATE LIMITED,5013.0,Wholesale Trade,0.08323899122847671
186,IN0007854577,EAST HOOGHLY POLYPLAST PRIVATE LIMITED,3089.0,Manufacturing,0.0828970802565372
185,IN0007826087,DOEHLER INDIA PRIVATE LIMITED,2037.0,Manufacturing,0.0826480000631818
215,IN0009853313,SACHIN INDUSTRIES LIMITED,3569.0,Manufacturing,0.08232430745374371
396,IN32997FI,CONFIDENCE PETROLEUM INDIA LTD,1321.0,Mining,0.082028644063692
173,IN0007489735,LEA ASSOCIATES SOUTH ASIA PRIVATE LIMITED,7389.0,Services,0.08124379114535593
317,IN0015523066,TRINITY CYCLES INDIA PRIVATE LIMITED,7389.0,Services,0.0811019146410445
96,IN0003395043,GROTH CONTINENTAL MANUFACTURING PRIVATE LIMITED,3559.0,Manufacturing,0.08089674763965381
240,IN0011078717,MICROLAND LIMITED,8062.0,Services,0.08026905217504643
276,IN0012935603,MARELLI TALBROS CHASSIS SYSTEMS PRIVATE LIMITED,3714.0,Manufacturing,0.08021770876293936
299,IN0014456042,NATUR TEC INDIA PRIVATE LIMITED,3089.0,Manufacturing,0.08008713656888164
418,IN40011FI,V-MART RETAIL LIMITED,5999.0,Retail Trade,0.08005590421639376
201,IN0009132394,M B ISPAT CORPORATION LIMITED,3312.0,Manufacturing,0.07933741246792346
417,IN37452FI,BIKAJI FOODS INTERNATIONAL LIMITED,2099.0,Manufacturing,0.0792180225500622
194,IN0008367129,LSG SKY CHEFS INDIA PRIVATE LIMITED,5812.0,Retail Trade,0.079072474625941
277,IN0012993082,CONTINENTAL ENGINEERING & POWER PRIVATE LIMITED,3559.0,Manufacturing,0.07890590338259411
355,IN121081FI,KAPSTON FACILITIES MANAGEMENT LIMITED,7389.0,Services,0.0781579509403794
222,IN0010246491,ASHOK LEYLAND DEFENCE SYSTEMS LIMITED,3711.0,Manufacturing,0.0780422846147181
205,IN0009420721,ADS SPIRITS PRIVATE LIMITED,2519.0,Manufacturing,0.07757771691230883
382,IN31496FI,UNO MINDA LIMITED,3714.0,Manufacturing,0.07732564044889
260,IN0012359434,OUTSHINY INDIA PRIVATE LIMITED,3161.0,Manufacturing,0.0764454998798669
198,IN0008632021,ACHAL JEWELS PRIVATE LIMITED,3911.0,Manufacturing,0.0763631113676923
75,IN0002446027,DHARMESH TEXTILES LIMITED,2299.0,Manufacturing,0.07602395929107357
316,IN0015507213,BONZA VITRIFIED PRIVATE LIMITED,3251.0,Manufacturing,0.0747019037150136
284,IN0013281663,ORCH LABORATORIES INDIA PRIVATE LIMITED,2834.0,Manufacturing,0.0745172306186478
214,IN0009757564,R. S. FOILS PRIVATE LIMITED,3312.0,Manufacturing,0.07415202072716824
113,IN0003897853,INTERNATIONAL PACKAGING PRODUCTS PRIVATE LIMITED,2621.0,Manufacturing,0.074085584088326
251,IN0011729496,BAI-KAKAJI POLYMERS PRIVATE LIMITED,2084.0,Manufacturing,0.07401264538381497
247,IN0011621189,NIF ISPAT LIMITED,3312.0,Manufacturing,0.07370601961933324
419,IN496274FI,ZODIAC ENERGY LIMITED,3612.0,Manufacturing,0.07369815075773363
377,IN31294FI,HIL LTD,3241.0,Manufacturing,0.07353201057100557
28,IN0000558271,ABAD OVERSEAS PRIVATE LIMITED,5085.0,Wholesale Trade,0.07255783946597703
422,IN511568FI,ACCENT MICROCELL LIMITED,2869.0,Manufacturing,0.07202505050426587
55,IN0001789677,BOSTIK INDIA PRIVATE LIMITED,2841.0,Manufacturing,0.07184946534599324
288,IN0013746256,VANESA COSMETICS PRIVATE LIMITED,2834.0,Manufacturing,0.07164734251008427
99,IN0003572656,HIGH VOLT ELECTRICALS PRIVATE LIMITED,3612.0,Manufacturing,0.07148184343913237
245,IN0011488793,SUN POLYTEX PRIVATE LIMITED,3089.0,Manufacturing,0.07057450752938346
42,IN0001271045,AUTOLIV INDIA PRIVATE LIMITED,3714.0,Manufacturing,0.06961875617883667
169,IN0007271755,POLYFIT FABRICATORS PRIVATE LIMITED,3339.0,Manufacturing,0.068455315609112
216,IN0009983072,P.C. SONS CASTINGS PRIVATE LIMITED,3321.0,Manufacturing,0.06831848337559136
258,IN0012264042,SUPER ENGI-TECH PRIVATE LIMITED,3441.0,Manufacturing,0.06808753766754673
66,IN0002121787,CMR-TOYOTSU ALUMINIUM INDIA PRIVATE LIMITED,3334.0,Manufacturing,0.06773708710262381
410,IN34508FI,SAI SILKS (KALAMANDIR) LIMITED,2389.0,Manufacturing,0.06717790623837913
269,IN0012771807,SHEKHAWATI GEOTECH PRIVATE LIMITED,2269.0,Manufacturing,0.0671646813007378
281,IN0013157182,STIC ON PAPERS PRIVATE LIMITED,2652.0,Manufacturing,0.06686978632212276
242,IN0011219852,BHASKAR VENKATESH PRODUCTS PRIVATE LIMITED,5145.0,Wholesale Trade,0.06685267376626093
312,IN0015357759,DHANANJAY AUTO CRAFT PRIVATE LIMITED,3799.0,Manufacturing,0.06660160959777099
204,IN0009289605,C K FABRICS PRIVATE LIMITED,2257.0,Manufacturing,0.0663634387004073
388,IN32099FI,HINDUSTAN FOODS LIMITED,2099.0,Manufacturing,0.06635105783164268
116,IN0004064806,JASTECH SYSTEMS PRIVATE LIMITED,3691.0,Manufacturing,0.06607176853409497
146,IN0005938445,SG HEAVY ENGINEERING LIMITED,3462.0,Manufacturing,0.06540446901989207
85,IN0002788011,DURGA PROCESSORS PRIVATE LIMITED,2759.0,Manufacturing,0.06514121005012743
115,IN0003985623,JAINSON CABLES INDIA PRIVATE LIMITED,2834.0,Manufacturing,0.06483069201322943
305,IN0014924153,KOHINOOR ROPES PRIVATE LIMITED,3069.0,Manufacturing,0.06464936304334634
31,IN0000692935,ALPINE APPARELS PRIVATE LIMITED,3111.0,Manufacturing,0.06453312210083297
397,IN33024FI,NARBADA GEMS AND JEWELLERY LIMITED,3911.0,Manufacturing,0.06435664151868827
25,IN0000453807,ACUMEN OVERSEAS PRIVATE LIMITED,5085.0,Wholesale Trade,0.06393680363231553
272,IN0012810274,SKG REFRACTORIES LIMITED,3241.0,Manufacturing,0.06392093512007573
271,IN0012787147,VINOD TEXWORLD PRIVATE LIMITED,2399.0,Manufacturing,0.06219238333524597
148,IN0006056083,SANKALP PAPER INDUSTRIES PRIVATE LIMITED,2621.0,Manufacturing,0.06206914972250527
160,IN0006611377,RETTENMAIER INDIA PRIVATE LIMITED,5199.0,Wholesale Trade,0.06184322147573817
76,IN0002471244,DIPTY LAL JUDGE MAL PVT LTD,5999.0,Retail Trade,0.0617190252871846
51,IN0001606748,RAIC INTEGRATED SPONGE & POWER PRIVATE LIMITED,3312.0,Manufacturing,0.06135779244158124
264,IN0012483281,LAVISH GRANITO PRIVATE LIMITED,3251.0,Manufacturing,0.060467304557333006
315,IN0015470454,ALPINE SPINWEAVE PRIVATE LIMITED,2269.0,Manufacturing,0.059051883670284966
423,IN544855FI,OSIA HYPER RETAIL LIMITED,5999.0,Retail Trade,0.057383212076556334
283,IN0013275627,PENTAGON FORGE & MACHINE LIMITED,3523.0,Manufacturing,0.0570078164404337
17,IN0000264253,PARAM SHUBHAM VANIJYA LIMITED,5085.0,Wholesale Trade,0.05641950393407771
203,IN0009194697,R L J CONCAST PRIVATE LIMITED,3312.0,Manufacturing,0.056029321307257164
58,IN0001853145,BULK LIQUID SOLUTIONS PRIVATE LIMITED,2299.0,Manufacturing,0.05519455490475067
270,IN0012773047,ULTRA DENIM PRIVATE LIMITED,2211.0,Manufacturing,0.0550435589863205
411,IN34699FI,AGARWAL INDUSTRIAL CORPORATION LTD,5171.0,Wholesale Trade,0.05401529992898354
282,IN0013262513,SHIPRA COMMERCIAL PVT LTD,5085.0,Wholesale Trade,0.053336596975063266
202,IN0009190474,R K BABU TRADING PRIVATE LIMITED,5962.0,Retail Trade,0.05313500213568476
30,IN0000576879,ABIS EXPORTS (INDIA) PRIVATE LIMITED,5199.0,Wholesale Trade,0.0529180521858143
144,IN0005882833,SEEMANCHAL MOTORS PRIVATE LIMITED,5012.0,Wholesale Trade,0.051520904585994794
168,IN0007098332,PAREKH INTEGRATED SERVICES PRIVATE LIMITED,5085.0,Wholesale Trade,0.051409066205042264
350,IN117584FI,PRIME FRESH LIMITED,5148.0,Wholesale Trade,0.04909707492207697
225,IN0010441556,G.M. EXIM PRIVATE LIMITED,5162.0,Wholesale Trade,0.04869314523574897
274,IN0012884955,SHRI BHAGWATI MACHINES PVT LTD,5085.0,Wholesale Trade,0.04776402302569207
112,IN0003804468,VEERABHADRA EXPORTS PRIVATE LIMITED,912.0,Public Administration,0.046054220005382306
5,IN0000229613,BOLLORE LOGISTICS INDIA PRIVATE LIMITED,5012.0,Wholesale Trade,0.04565073352932647
209,IN0009601258,UNISOURCE PAPERS PRIVATE LIMITED,5085.0,Wholesale Trade,0.044109734169333004
300,IN0014500276,ABSOLUTE DISTRIBUTION SOLUTIONS PRIVATE LIMITED,5085.0,Wholesale Trade,0.039402585333271234
70,IN0002215488,DAIDO KOGYO INDIA PRIVATE LIMITED,5085.0,Wholesale Trade,0.0388293480031325
235,IN0010951863,SUNITA COMMERCIALS P LTD,5169.0,Wholesale Trade,0.03617988215781096
149,IN0006103766,SPARSH AUTOMOBILES PRIVATE LIMITED,5511.0,Retail Trade,0.0278826169023341
